{"format_version":"1.16.100","minecraft:item":{"components":{"minecraft:allow_off_hand":true,"minecraft:can_destroy_in_creative":false,"minecraft:creative_category":{"parent":"itemGroup.name.sword"},"minecraft:damage":6,"minecraft:display_name":{},"minecraft:display_name":{"value":"Magtonium Sword"},"minecraft:durability":{"damage_chance":{"max":100,"min":60},"max_durability":1562},"minecraft:enchantable":{"slot":"sword","value":15},"minecraft:foil":false,"minecraft:hand_equipped":true,"minecraft:icon":{"texture":"id_magtonium_sword"},"minecraft:max_stack_size":1,"minecraft:mining_speed":1,"minecraft:render_offsets":{"main_hand":{"first_person":{"scale":[0.037999999999977205,0.037999999999977205,0.037999999999977205]},"third_person":{"scale":[0.1,0.1,0.1]}},"off_hand":{"first_person":{"scale":[0.037999999999977205,0.037999999999977205,0.037999999999977205]},"third_person":{"scale":[0.1,0.1,0.1]}}},"minecraft:repairable":{"repair_items":[{"items":["id:magtonium_sword"],"repair_amount":"context.other->query.remaining_durability + 0.2 * context.other->query.max_durability"}]},"minecraft:weapon":{"on_hit_block":{"event":"hurt"},"on_hurt_entity":{"event":"hurt"},"on_not_hurt_entity":{"event":"hurt"}},"tag:minecraft:is_sword":{}},"description":{"category":"equipment","identifier":"id:magtonium_sword"},"events":{"hurt":{"damage":{"amount":1,"target":"self","type":"magic"}},"on_use_event":{"sequence":[{"damage":{"amount":1,"target":"self","type":"magic"}}]}}}}