{"format_version":"1.16.100","minecraft:item":{"components":{"minecraft:armor":{"protection":8},"minecraft:creative_category":{"parent":"itemGroup.name.chestplate"},"minecraft:display_name":{},"minecraft:durability":{"damage_chance":{"max":100,"min":60},"max_durability":72},"minecraft:enchantable":{"slot":"armor_torso","value":10},"minecraft:foil":false,"minecraft:hand_equipped":true,"minecraft:icon":{"texture":"id_reptile_armor"},"minecraft:knockback_resistance":{"protection":0.75},"minecraft:max_stack_size":1,"minecraft:mining_speed":5,"minecraft:render_offsets":"chestplates","minecraft:repairable":{"repair_items":[{"items":["id:reptile_skin","id:reptile_armor"],"repair_amount":4}]},"minecraft:wearable":{"slot":"slot.armor.chest"}},"description":{"category":"Equipment","identifier":"id:reptile_armor"}}}