{
  "id": "1648965076275",
  "name": "magtonium",
  "pools": [
    {
      "rolls": 1,
      "entries": [
        {
          "type": "item",
          "weight": "3",
          "name": "id:magtonium",
          "functions": [
            {
              "function": "set_count",
              "count": {
                "min": 1,
                "max": 3
              }
            },
            {
              "function": "set_data",
              "data": 0
            }
          ]
        }
      ]
    }
  ]
}