{"format_version":"1.13.0","minecraft:feature_rules":{"conditions":{"minecraft:biome_filter":[{"operator":"==","test":"has_biome_tag","value":"beach"},{"operator":"!=","test":"has_biome_tag","value":"cold"},{"operator":"!=","test":"has_biome_tag","value":"stone"}],"placement_pass":"surface_pass"},"description":{"identifier":"minecraft:coconuttree_feature_rule","places_feature":"minecraft:coconuttree_feature_mcstructure"},"distribution":{"iterations":1,"scatter_chance":26.259774999999998,"x":{"distribution":"uniform","extent":[0,15]},"y":"query.heightmap(variable.worldx, variable.worldz) + 0","z":{"distribution":"uniform","extent":[0,15]}}}}