{
  "format_version": "1.16.100",
  "minecraft:feature_rules": {
    "description": {
      "identifier": "overworld_underground_smallcactus_feature",
      "places_feature": "pa:id_smallcactus_scatter_feature"
    },
    "conditions": {
      "placement_pass": "surface_pass",
      "minecraft:biome_filter": [
        {
          "any_of": [
            {
              "test": "has_biome_tag",
              "operator": "==",
              "value": "desert"
            }
          ]
        }
      ]
    },
    "distribution": {
      "iterations": 2,
      "x": {
        "distribution": "uniform",
        "extent": [
          0,
          15
        ]
      },
      "y": "query.heightmap(variable.worldx, variable.worldz)",
      "z": {
        "distribution": "uniform",
        "extent": [
          0,
          15
        ]
      }
    }
  }
}