{"format_version":"1.16.100","minecraft:feature_rules":{"conditions":{"minecraft:biome_filter":[{"any_of":[{"operator":"==","test":"has_biome_tag","value":"swamp"},{"operator":"==","test":"has_biome_tag","value":"mangrove_swamp"},{"operator":"==","test":"has_biome_tag","value":"lush_cave"},{"operator":"==","test":"has_biome_tag","value":"jungle"}]}],"placement_pass":"surface_pass"},"description":{"identifier":"overworld_underground_algae_feature","places_feature":"id:algae_scatter_feature"},"distribution":{"iterations":2,"x":{"distribution":"uniform","extent":[0,15]},"y":"query.heightmap(variable.worldx, variable.worldz)","z":{"distribution":"uniform","extent":[0,15]}}}}