{"format_version":"1.16.100","minecraft:feature_rules":{"conditions":{"minecraft:biome_filter":[{"any_of":[{"operator":"==","test":"has_biome_tag","value":"desert"},{"operator":"==","test":"has_biome_tag","value":"savanna"}]}],"placement_pass":"surface_pass"},"description":{"identifier":"overworld_underground_drygrass_feature","places_feature":"pa:id_drygrass_scatter_feature"},"distribution":{"iterations":4,"x":{"distribution":"uniform","extent":[0,15]},"y":"query.heightmap(variable.worldx, variable.worldz)","z":{"distribution":"uniform","extent":[0,15]}}}}