{"format_version":"1.16.100","minecraft:block":{"components":{"minecraft:block_light_absorption":0,"minecraft:block_light_emission":0,"minecraft:creative_category":{"category":"nature"},"minecraft:destroy_time":0.3,"minecraft:entity_collision":false,"minecraft:explosion_resistance":1,"minecraft:friction":0.7,"minecraft:geometry":"geometry.id_algae","minecraft:loot":"loot_tables/blocks/id_algae.json","minecraft:map_color":"#35A91A","minecraft:material_instances":{"*":{"render_method":"blend","texture":"id_algae"}},"minecraft:on_fall_on":{"event":"fall:on","target":"self"},"minecraft:on_placed":{"event":"size:block","target":"self"},"minecraft:on_player_placing":{"event":"update_rotation"},"minecraft:pick_collision":{"origin":[-8,0,-8],"size":[16,1,16]},"minecraft:placement_filter":{"conditions":[{"allowed_faces":["up"],"block_filter":["minecraft:water","minecraft:leaves","minecraft:log","minecraft:flowing_water","minecraft:air"]}]},"minecraft:random_ticking":{"on_tick":{"event":"random:tick","target":"self"}},"minecraft:ticking":{"looping":true,"on_tick":{"event":"on_tick","target":"self"},"range":[10,10]}},"description":{"category":"Nature","identifier":"id:algae","properties":{"block:rotation":[0,1,2,3,4,5,6]}},"events":{"fall:on":{},"on_tick":{},"random:tick":{},"remove:block":{},"size:block":{},"step:off":{},"step:on":{},"update_rotation":{"set_block_property":{"block:rotation":"query.cardinal_facing_2d"}}},"permutations":[{"components":{"minecraft:rotation":[0,0,0]},"condition":"query.block_property('block:rotation') == 2"},{"components":{"minecraft:rotation":[0,-180,0]},"condition":"query.block_property('block:rotation') == 3"},{"components":{"minecraft:rotation":[0,90,0]},"condition":"query.block_property('block:rotation') == 4"},{"components":{"minecraft:rotation":[0,-90,0]},"condition":"query.block_property('block:rotation') == 5"}]}}