{"format_version":"1.16.100","minecraft:block":{"components":{"minecraft:block_light_absorption":0,"minecraft:block_light_emission":0,"minecraft:creative_category":{"category":"nature"},"minecraft:destroy_time":0,"minecraft:entity_collision":false,"minecraft:explosion_resistance":0,"minecraft:flammable":{"burn_odds":1,"flame_odds":1},"minecraft:friction":0.1,"minecraft:geometry":"geometry.plant","minecraft:loot":"loot_tables/blocks/id_drygrass.json","minecraft:map_color":"#E6D493","minecraft:material_instances":{"*":{"render_method":"alpha_test","texture":"id_drygrass_stage_0"}},"minecraft:on_fall_on":{"event":"fall:on","target":"self"},"minecraft:pick_collision":{"origin":[-6,0,-6],"size":[12,12,12]},"minecraft:ticking":{"looping":true,"on_tick":{"event":"on_tick","target":"self"},"range":[10,10]}},"description":{"identifier":"id:drygrass","properties":{"pa:growth_stage":[0,1]}},"permutations":[{"components":{"minecraft:loot":"loot_tables/blocks/id_drygrass_stage_0.json","minecraft:material_instances":{"*":{"render_method":"alpha_test","texture":"id_drygrass_stage_0"}},"minecraft:pick_collision":{"origin":[-8,0,-8],"size":[16,16,16]}},"condition":"query.block_property('pa:growth_stage') == 0"},{"components":{"minecraft:loot":"loot_tables/blocks/id_drygrass_stage_1.json","minecraft:material_instances":{"*":{"render_method":"alpha_test","texture":"id_drygrass_stage_1"}},"minecraft:pick_collision":{"origin":[-8,0,-8],"size":[16,16,16]}},"condition":"query.block_property('pa:growth_stage') == 1"},{"components":{"minecraft:rotation":[0,0,0]},"condition":"query.block_property('block:rotation') == 2"},{"components":{"minecraft:rotation":[0,-180,0]},"condition":"query.block_property('block:rotation') == 3"},{"components":{"minecraft:rotation":[0,90,0]},"condition":"query.block_property('block:rotation') == 4"},{"components":{"minecraft:rotation":[0,-90,0]},"condition":"query.block_property('block:rotation') == 5"}]}}