{"format_version":"1.16.100","minecraft:block":{"components":{"minecraft:block_light_absorption":0,"minecraft:block_light_emission":0,"minecraft:creative_category":{"category":"nature"},"minecraft:destroy_time":0,"minecraft:entity_collision":{"origin":[-4,0,-4],"size":[6,4,6]},"minecraft:explosion_resistance":0,"minecraft:friction":0.1,"minecraft:geometry":"geometry.plant","minecraft:loot":"loot_tables/blocks/smallcactus.json","minecraft:map_color":"#598D41","minecraft:material_instances":{"*":{"render_method":"alpha_test","texture":"id_smallcactus_stage_0"}},"minecraft:on_interact":{"condition":"query.get_equipped_item_name == 'bone_meal'","event":"grow","target":"self"},"minecraft:on_step_on":{"condition":"!query.has_any_family('villager')","event":"minecraft:hurt","target":"self"},"minecraft:pick_collision":{"origin":[-6,0,-6],"size":[12,12,12]},"minecraft:placement_filter":{"conditions":[{"allowed_faces":["up"],"block_filter":["sand","red_sand"]}]},"minecraft:ticking":{"looping":true,"on_tick":{"event":"on_tick","target":"self"},"range":[10,10]}},"description":{"identifier":"id:smallcactus","properties":{"pa:growth_stage":[0,1]}},"events":{"grow":{"run_command":{"command":["function cactusgrow"]}},"minecraft:hurt":{"damage":{"amount":1,"target":"self","type":"contact"}}},"permutations":[{"components":{"minecraft:loot":"loot_tables/blocks/id_smallcactus_stage_0.json","minecraft:material_instances":{"*":{"render_method":"alpha_test","texture":"id_smallcactus_stage_0"}},"minecraft:pick_collision":{"origin":[-8,0,-8],"size":[16,16,16]}},"condition":"query.block_property('pa:growth_stage') == 0"},{"components":{"minecraft:loot":"loot_tables/blocks/id_smallcactus_stage_1.json","minecraft:material_instances":{"*":{"render_method":"alpha_test","texture":"id_smallcactus_stage_1"}},"minecraft:pick_collision":{"origin":[-8,0,-8],"size":[16,16,16]}},"condition":"query.block_property('pa:growth_stage') == 1"},{"components":{"minecraft:rotation":[0,0,0]},"condition":"query.block_property('block:rotation') == 2"},{"components":{"minecraft:rotation":[0,-180,0]},"condition":"query.block_property('block:rotation') == 3"},{"components":{"minecraft:rotation":[0,90,0]},"condition":"query.block_property('block:rotation') == 4"},{"components":{"minecraft:rotation":[0,-90,0]},"condition":"query.block_property('block:rotation') == 5"}]}}