{"format_version":"1.10.0","minecraft:spawn_rules":{"conditions":[{"minecraft:biome_filter":[{"any_of":[{"operator":"==","test":"has_biome_tag","value":"jungle"}]}],"minecraft:brightness_filter":{"adjust_for_weather":false,"max":15,"min":0},"minecraft:density_limit":{"surface":8,"underground":0},"minecraft:herd":{"max_size":7,"min_size":5},"minecraft:spawns_on_surface":{},"minecraft:spawns_underground":{},"minecraft:weight":{"default":1}}],"description":{"identifier":"id:honduran_whitebat","population_control":"animal"}}}