{"format_version":"1.10.0","minecraft:spawn_rules":{"conditions":[{"minecraft:biome_filter":[{"any_of":[{"operator":"==","test":"has_biome_tag","value":"jungle"},{"operator":"==","test":"has_biome_tag","value":"taiga"}]}],"minecraft:brightness_filter":{"adjust_for_weather":false,"max":15,"min":0},"minecraft:density_limit":{"surface":8,"underground":0},"minecraft:herd":{"max_size":2,"min_size":1},"minecraft:spawns_on_surface":{},"minecraft:spawns_underground":{},"minecraft:weight":{"default":28}},{"minecraft:biome_filter":[{"any_of":[{"operator":"==","test":"has_biome_tag","value":"jungle"},{"operator":"==","test":"has_biome_tag","value":"taiga"}]}],"minecraft:brightness_filter":{"adjust_for_weather":false,"max":15,"min":1},"minecraft:density_limit":{"surface":8,"underground":0},"minecraft:herd":{"max_size":2,"min_size":1},"minecraft:spawns_underground":{},"minecraft:weight":{"default":28}}],"description":{"identifier":"id:archaeopteryx","population_control":"animal"}}}