{"format_version":"1.10.0","minecraft:spawn_rules":{"conditions":[{"minecraft:biome_filter":[{"any_of":[{"operator":"==","test":"has_biome_tag","value":"jungle"}]}],"minecraft:brightness_filter":{"adjust_for_weather":false,"max":15,"min":0},"minecraft:density_limit":{"surface":8,"underground":8},"minecraft:height_filter":{"max":128,"min":66},"minecraft:herd":{"max_size":3,"min_size":1},"minecraft:spawns_on_surface":{},"minecraft:spawns_underground":{},"minecraft:weight":{"default":31}},{"minecraft:biome_filter":[{"any_of":[{"operator":"==","test":"has_biome_tag","value":"jungle"}]}],"minecraft:brightness_filter":{"adjust_for_weather":false,"max":15,"min":1},"minecraft:density_limit":{"surface":8,"underground":8},"minecraft:herd":{"max_size":1,"min_size":3},"minecraft:spawns_underground":{},"minecraft:weight":{"default":31}}],"description":{"identifier":"id:crocskink","population_control":"animal"}}}