{"format_version":"1.10.0","minecraft:spawn_rules":{"conditions":[{"minecraft:biome_filter":[{"any_of":[{"operator":"==","test":"has_biome_tag","value":"savanna"},{"operator":"==","test":"has_biome_tag","value":"plains"},{"operator":"==","test":"has_biome_tag","value":"desert"}]}],"minecraft:brightness_filter":{"adjust_for_weather":false,"max":15,"min":11},"minecraft:density_limit":{"surface":8,"underground":8},"minecraft:herd":{"max_size":1,"min_size":1},"minecraft:spawns_on_surface":{},"minecraft:spawns_underground":{},"minecraft:weight":{"default":2}}],"description":{"identifier":"id:iltrader","population_control":"animal"}}}