{"format_version":"1.10.0","minecraft:spawn_rules":{"conditions":[{"minecraft:biome_filter":[{"any_of":[{"operator":"==","test":"has_biome_tag","value":"jungle"},{"operator":"==","test":"has_biome_tag","value":"taiga"},{"operator":"==","test":"has_biome_tag","value":"beach"}]}],"minecraft:brightness_filter":{"adjust_for_weather":false,"max":15,"min":0},"minecraft:density_limit":{"surface":8,"underground":8},"minecraft:height_filter":{"max":128,"min":66},"minecraft:herd":{"max_size":7,"min_size":1},"minecraft:spawns_on_surface":{},"minecraft:spawns_underground":{},"minecraft:weight":{"default":28}}],"description":{"identifier":"id:monkey","population_control":"animal"}}}