{"format_version":"1.10.0","minecraft:spawn_rules":{"conditions":[{"minecraft:biome_filter":[{"any_of":[{"operator":"==","test":"has_biome_tag","value":"savanna"},{"operator":"==","test":"has_biome_tag","value":"desert"}]}],"minecraft:brightness_filter":{"adjust_for_weather":false,"max":15,"min":8},"minecraft:density_limit":{"surface":8,"underground":8},"minecraft:height_filter":{"max":128,"min":58},"minecraft:herd":{"max_size":3,"min_size":1},"minecraft:spawns_on_surface":{},"minecraft:spawns_underground":{},"minecraft:weight":{"default":10}},{"minecraft:biome_filter":[{"any_of":[{"operator":"==","test":"has_biome_tag","value":"desert"}]}],"minecraft:brightness_filter":{"adjust_for_weather":false,"max":15,"min":1},"minecraft:density_limit":{"surface":8,"underground":8},"minecraft:herd":{"max_size":3,"min_size":1},"minecraft:spawns_underground":{},"minecraft:weight":{"default":12}}],"description":{"identifier":"id:tortoise","population_control":"animal"}}}