{"format_version":"1.10.0","minecraft:spawn_rules":{"conditions":[{"minecraft:biome_filter":[{"any_of":[{"operator":"==","test":"has_biome_tag","value":"ocean"}]}],"minecraft:brightness_filter":{"adjust_for_weather":false,"max":15,"min":0},"minecraft:density_limit":{"surface":5},"minecraft:herd":{"max_size":5,"min_size":1},"minecraft:spawns_on_surface":{},"minecraft:spawns_underwater":{},"minecraft:weight":{"default":8}}],"description":{"identifier":"id:nautilus","population_control":"water_animal"}}}