{"format_version":"1.10.0","minecraft:spawn_rules":{"conditions":[{"minecraft:biome_filter":[{"operator":"==","test":"has_biome_tag","value":"lukewarm"},{"operator":"!=","test":"has_biome_tag","value":"beach"}],"minecraft:brightness_filter":{"adjust_for_weather":false,"max":15,"min":0},"minecraft:density_limit":{"surface":5},"minecraft:herd":{"max_size":5,"min_size":2},"minecraft:spawns_on_surface":{},"minecraft:spawns_underwater":{},"minecraft:weight":{"default":8}}],"description":{"identifier":"id:swordfish","population_control":"water_animal"}}}