{"format_version":"1.8.0","minecraft:entity":{"component_groups":{"minecraft:archeop_adult":{"minecraft:behavior.breed":{"priority":3,"speed_multiplier":1},"minecraft:behavior.jump_to_block":{"cooldown_range":[16,20],"minimum_distance":1,"minimum_path_length":8,"priority":8,"scale_factor":0.6,"search_height":10,"search_width":10},"minecraft:breedable":{"breedItems":["beetroot_seeds","melon_seeds","pumpkin_seeds","spider_eye","wheat_seeds"],"breedsWith":[{"babyType":"id:archaeopteryx","breed_event":{"event":"minecraft:entity_born","target":"baby"},"mateType":"id:archaeopteryx"}],"requireTame":false},"minecraft:experience_reward":{"on_bred":"Math.Random(1,7)","on_death":"query.last_hit_by_player ? Math.Random(1,3) : 0"},"minecraft:interact":[{"interact_text":"Catch","on_interact":{"event":"despawn","filters":{"all_of":[{"subject":"other","test":"is_family","value":"player"},{"domain":"hand","subject":"other","test":"has_equipment","value":"id:bag"}]}},"play_sounds":"armor.equip_leather","transform_to_item":"id:bagarcheop","use_item":true}]},"minecraft:archeop_baby":{"minecraft:ageable":{"duration":1200,"feed_items":["wheat_seeds","beetroot_seeds","melon_seeds","pumpkin_seeds"],"grow_up":{"event":"minecraft:ageable_grow_up","target":"self"}},"minecraft:behavior.follow_parent":{"priority":6,"speed_multiplier":1.1},"minecraft:behavior.jump_to_block":{"cooldown_range":[16,20],"minimum_distance":1,"minimum_path_length":8,"priority":8,"scale_factor":0.6,"search_height":10,"search_width":10},"minecraft:health":{"max":7,"value":5},"minecraft:interact":[{"interact_text":"Catch","on_interact":{"event":"despawn","filters":{"all_of":[{"subject":"other","test":"is_family","value":"player"},{"domain":"hand","subject":"other","test":"has_equipment","value":"id:bag"}]}},"play_sounds":"armor.equip_leather","transform_to_item":"id:bagbabyarcheop","use_item":true}],"minecraft:is_baby":{},"minecraft:scale":{"value":0.5}},"minecraft:archeop_tame":{"minecraft:behavior.breed":{"priority":2,"speed_multiplier":1},"minecraft:behavior.find_mount":{"avoid_water":true,"mount_distance":2,"priority":3,"start_delay":100,"target_needed":false,"within_radius":16},"minecraft:behavior.follow_owner":{"priority":6,"speed_multiplier":1,"start_distance":10,"stop_distance":2},"minecraft:behavior.jump_to_block":{"cooldown_range":[16,20],"minimum_distance":1,"minimum_path_length":8,"priority":8,"scale_factor":0.6,"search_height":10,"search_width":10},"minecraft:behavior.stay_while_sitting":{"priority":1},"minecraft:breedable":{"breedItems":["beetroot_seeds","melon_seeds","pumpkin_seeds","spider_eye","wheat_seeds"],"breedsWith":[{"babyType":"id:archaeopteryx","breed_event":{"event":"minecraft:entity_born","target":"baby"},"mateType":"id:archaeopteryx"}],"requireTame":false},"minecraft:healable":{"items":[{"heal_amount":2,"item":"fish"},{"heal_amount":2,"item":"salmon"},{"heal_amount":6,"item":"sweet_berries"},{"heal_amount":4,"item":"glow_berries"},{"heal_amount":3,"item":"wheat_seeds"},{"heal_amount":5,"item":"carrot"}]},"minecraft:health":{"max":15,"value":15},"minecraft:is_tamed":{},"minecraft:leashable":{"hard_distance":6,"max_distance":10,"on_leash":{"event":"minecraft:on_leash","target":"self"},"on_unleash":{"event":"minecraft:on_unleash","target":"self"},"soft_distance":4},"minecraft:sittable":{"interactions":[{"interact_text":"move around"}]},"minecraft:type_family":{"family":["archaeopteryx_tamed","mob"]}},"minecraft:archeop_wild":{"minecraft:behavior.jump_to_block":{"cooldown_range":[16,20],"minimum_distance":1,"minimum_path_length":8,"priority":8,"scale_factor":0.6,"search_height":10,"search_width":10},"minecraft:health":{"max":10,"value":10},"minecraft:tameable":{"probability":0.28,"tame_event":{"event":"minecraft:on_tame","target":"self"},"tameItems":["apple","spider_eye","melon","salmon"]}}},"components":{"minecraft:balloonable":{},"minecraft:behavior.avoid_block":{"avoid_block_sound":"retreat","priority":9,"search_height":8,"search_range":8,"sound_interval":{"range_max":5,"range_min":2},"sprint_speed_modifier":1.5,"target_blocks":["minecraft:carved_pumpkin","minecraft:lit_pumpkin"],"target_selection_method":"nearest","tick_interval":5},"minecraft:behavior.breed":{"priority":3,"speed_multiplier":1},"minecraft:behavior.float":{"priority":0},"minecraft:behavior.follow_parent":{"priority":5,"speed_multiplier":1.1},"minecraft:behavior.jump_to_block":{"cooldown_range":[20,30],"minimum_distance":1,"minimum_path_length":8,"priority":8,"scale_factor":0.6,"search_height":10,"search_width":10},"minecraft:behavior.look_at_player":{"look_distance":6,"priority":7,"probability":0.02},"minecraft:behavior.mount_pathing":{"priority":2,"speed_multiplier":1.5,"target_dist":0,"track_target":true},"minecraft:behavior.panic":{"priority":1,"speed_multiplier":1.25},"minecraft:behavior.random_look_around":{"priority":9},"minecraft:behavior.random_stroll":{"priority":6,"speed_multiplier":0.8},"minecraft:behavior.tempt":{"items":["wheat"],"priority":4,"speed_multiplier":1.25},"minecraft:breedable":{"breedItems":["beetroot_seeds","melon_seeds","pumpkin_seeds","spider_eye","wheat_seeds"],"breedsWith":[{"babyType":"id:archaeopteryx","breed_event":{"event":"minecraft:entity_born","target":"baby"},"mateType":"id:archaeopteryx"}],"requireTame":false},"minecraft:can_climb":{},"minecraft:collision_box":{"height":0.7,"width":0.6},"minecraft:experience_reward":{"on_death":"query.last_hit_by_player ? 1 : 0"},"minecraft:fall_damage":{"value":0},"minecraft:health":{"max":15,"value":15},"minecraft:jump.static":{},"minecraft:leashable":{"hard_distance":6,"max_distance":10,"soft_distance":4},"minecraft:loot":{"table":"loot_tables/entities/id_archaeopteryx.json"},"minecraft:movement":{"value":0.32},"minecraft:movement.basic":{},"minecraft:nameable":{"allowNameTagRenaming":true,"alwaysShow":false},"minecraft:navigation.walk":{"avoid_damage_blocks":true,"avoid_water":true,"can_path_over_water":true},"minecraft:on_death":{"event":"on:death","target":"self"},"minecraft:on_hurt":{"event":"on:hurt","target":"self"},"minecraft:on_hurt_by_player":{"event":"on:hurt_by_player","target":"self"},"minecraft:on_ignite":{"event":"on:ignite","target":"self"},"minecraft:on_target_acquired":{"event":"on:target_acquired","target":"self"},"minecraft:on_target_escape":{"event":"on:target_escape","target":"self"},"minecraft:on_wake_with_owner":{"event":"on:wake_with_owner","target":"self"},"minecraft:physics":{},"minecraft:scale":{"value":1},"minecraft:type_family":{"family":["archaeopteryx","mob"]},"minecraft:underwater_movement":{"value":0.02}},"description":{"identifier":"id:archaeopteryx","is_experimental":false,"is_spawnable":true,"is_summonable":true,"runtime_identifier":"minecraft:chicken"},"events":{"minecraft:ageable_grow_up":{"add":{"component_groups":["minecraft:archeop_adult"]},"remove":{"component_groups":["minecraft:archeop_baby"]}},"minecraft:entity_born":{"add":{"component_groups":["minecraft:archeop_baby"]}},"minecraft:entity_spawned":{"randomize":[{"add":{"component_groups":["minecraft:archeop_adult","minecraft:archeop_wild"]},"weight":95},{"add":{"component_groups":["minecraft:archeop_baby"]},"weight":5}]},"minecraft:entity_transformed":{"add":{"component_groups":["minecraft:archeop_adult"]},"remove":{}},"minecraft:on_tame":{"add":{"component_groups":["minecraft:archeop_tame"]},"remove":{"component_groups":["minecraft:archeop_wild"]}}}}}