{"format_version":"1.8.0","minecraft:entity":{"component_groups":{"minecraft:maru":{"minecraft:variant":{"value":0}},"minecraft:striata":{"minecraft:variant":{"value":1}}},"components":{"minecraft:attack":{"damage":4},"minecraft:behavior.avoid_mob_type":{"entity_types":[{"filters":{"other_with_families":["player"],"subject":"other","test":"is_family","value":"player"},"max_dist":6,"sprint_speed_multiplier":2,"walk_speed_multiplier":1.5}],"priority":1},"minecraft:behavior.hurt_by_target":{"priority":3},"minecraft:behavior.nearest_attackable_target":{"entity_types":[{"filters":{"any_of":[{"subject":"other","test":"is_family","value":"dummy"}]},"max_dist":18,"must_see":false}],"must_reach":false,"must_see":false,"priority":3,"speed_multiplier":1,"within_radius":25},"minecraft:behavior.ocelotattack":{"priority":1,"sneak_speed_multiplier":0.8,"sprint_speed_multiplier":1.35,"walk_speed_multiplier":0.8},"minecraft:behavior.random_swim":{"interval":0,"priority":3,"speed_multiplier":1,"xz_dist":16,"y_dist":4},"minecraft:behavior.swim_idle":{"priority":5},"minecraft:behavior.swim_wander":{"interval":10,"look_ahead":2,"priority":4,"speed_multiplier":1},"minecraft:breathable":{"breathesAir":false,"breathesWater":true,"suffocateTime":0,"totalSupply":120},"minecraft:collision_box":{"height":0.3,"width":0.6},"minecraft:experience_reward":{"on_death":"query.last_hit_by_player ? 10 : 0"},"minecraft:health":{"max":10,"value":10},"minecraft:loot":{"table":"loot_tables/entities/cod.json"},"minecraft:movement":{"value":0.1},"minecraft:movement.sway":{"sway_amplitude":0},"minecraft:nameable":{"allowNameTagRenaming":true,"alwaysShow":false},"minecraft:navigation.generic":{"can_breach":false,"can_path_over_water":false,"can_sink":false,"can_swim":true,"can_walk":false,"is_amphibious":false},"minecraft:physics":{},"minecraft:scale":{"value":1},"minecraft:type_family":{"family":["fish","channa"]},"minecraft:underwater_movement":{"value":0.2}},"description":{"identifier":"id:channa","is_experimental":false,"is_spawnable":true,"is_summonable":true,"runtime_identifier":"minecraft:cod"},"events":{"minecraft:entity_spawned":{"randomize":[{"add":{"component_groups":["minecraft:maru"]},"weight":20},{"add":{"component_groups":["minecraft:striata"]},"weight":36}]}}}}