{"format_version":"1.8.0","minecraft:entity":{"component_groups":{"despawn":{"minecraft:instant_despawn":{}},"minecraft:normal":{"minecraft:behavior.panic":{"priority":1,"speed_multiplier":1.3},"minecraft:variant":{"value":0}},"minecraft:pearl":{"minecraft:behavior.panic":{"priority":1,"speed_multiplier":1.5},"minecraft:loot":{"table":"loot_tables/entities/pearl.json"},"minecraft:variant":{"value":1}}},"components":{"minecraft:balloonable":{},"minecraft:behavior.avoid_mob_type":{"entity_types":[{"filters":{"any_of":[{"all_of":[{"subject":"other","test":"is_family","value":"player"},{"operator":"!=","subject":"other","test":"trusts","value":true},{"operator":"!=","subject":"other","test":"is_sneaking","value":true}]},{"subject":"other","test":"is_family","value":"drowned"},{"subject":"other","test":"is_family","value":"crab"},{"subject":"other","test":"is_family","value":"chepalopod"}]},"max_dist":10,"sprint_speed_multiplier":1.5,"walk_speed_multiplier":1}],"priority":5},"minecraft:behavior.flee_sun":{"priority":5,"speed_multiplier":3},"minecraft:behavior.follow_parent":{"priority":5,"speed_multiplier":1.1},"minecraft:behavior.look_at_player":{"look_distance":6,"priority":7,"probability":0.02},"minecraft:behavior.mount_pathing":{"priority":2,"speed_multiplier":1.5,"target_dist":0,"track_target":true},"minecraft:behavior.panic":{"priority":1,"speed_multiplier":1.29},"minecraft:behavior.random_look_around":{"priority":9},"minecraft:behavior.random_stroll":{"priority":6,"speed_multiplier":0.8},"minecraft:behavior.tempt":{"items":["wheat"],"priority":4,"speed_multiplier":1.25},"minecraft:can_climb":{},"minecraft:collision_box":{"height":0.4,"width":0.5},"minecraft:experience_reward":{"on_death":"query.last_hit_by_player ? 2 : 0"},"minecraft:fall_damage":{"value":1},"minecraft:health":{"max":5,"value":5},"minecraft:jump.static":{},"minecraft:leashable":{"hard_distance":6,"max_distance":10,"soft_distance":4},"minecraft:movement":{"value":0.1},"minecraft:movement.basic":{},"minecraft:nameable":{"allowNameTagRenaming":true,"alwaysShow":false},"minecraft:navigation.walk":{"avoid_damage_blocks":true,"avoid_water":false,"can_path_over_water":false},"minecraft:physics":{},"minecraft:type_family":{"family":["mob","clam"]},"minecraft:underwater_movement":{"value":0.1}},"description":{"identifier":"id:clam","is_experimental":false,"is_spawnable":true,"is_summonable":true},"events":{"despawn":{"add":{"component_groups":["despawn"]}},"minecraft:entity_spawned":{"randomize":[{"add":{"component_groups":["minecraft:normal"]},"weight":22},{"add":{"component_groups":["minecraft:pearl"]},"weight":15}]}}}}