{"format_version":"1.13.0","minecraft:entity":{"component_groups":{"despawn":{"minecraft:instant_despawn":{}},"minecraft:mangrove":{"minecraft:interact":{"interactions":[{"interact_text":"Catch","on_interact":{"event":"despawn","filters":{"all_of":[{"subject":"other","test":"is_family","value":"player"},{"domain":"hand","subject":"other","test":"has_equipment","value":"water_bucket"}]}},"play_sounds":"bucket.fill.fish","transform_to_item":"id:crabmangrove_bucket","use_item":true}]},"minecraft:variant":{"value":1}},"minecraft:red":{"minecraft:interact":{"interactions":[{"interact_text":"Catch","on_interact":{"event":"despawn","filters":{"all_of":[{"subject":"other","test":"is_family","value":"player"},{"domain":"hand","subject":"other","test":"has_equipment","value":"water_bucket"}]}},"play_sounds":"bucket.fill.fish","transform_to_item":"id:crab_bucket","use_item":true}]},"minecraft:variant":{"value":0}}},"components":{"minecraft:attack":{"damage":4},"minecraft:balloonable":{"mass":2},"minecraft:behavior.hurt_by_target":{"entity_types":{"filters":{"operator":"!=","subject":"other","test":"is_family","value":"creeper"}},"priority":2},"minecraft:behavior.look_at_player":{"look_distance":6,"priority":7,"probability":0.02},"minecraft:behavior.melee_attack":{"max_dist":3,"priority":2,"random_stop_interval":100,"reach_multiplier":1.4,"speed_multiplier":1.2,"target_dist":0,"track_target":false},"minecraft:behavior.move_to_water":{"goal_radius":0.1,"priority":6,"search_count":1,"search_height":5,"search_range":16},"minecraft:behavior.nearest_attackable_target":{"entity_types":[{"filters":{"any_of":[{"subject":"other","test":"is_family","value":"octopus"},{"subject":"other","test":"is_family","value":"dummy"}]},"max_dist":28,"must_see":false}],"must_reach":false,"must_see":false,"priority":3,"speed_multiplier":1.2,"within_radius":25},"minecraft:behavior.panic":{"priority":1,"speed_multiplier":1.5},"minecraft:behavior.random_look_around":{"priority":8},"minecraft:behavior.random_stroll":{"priority":6,"speed_multiplier":0.6,"xz_dist":16},"minecraft:can_climb":{},"minecraft:collision_box":{"height":0.6,"width":0.5},"minecraft:conditional_bandwidth_optimization":{},"minecraft:damage_sensor":{"triggers":{"cause":"fall","deals_damage":false}},"minecraft:health":{"max":6,"value":6},"minecraft:hurt_on_condition":{"damage_conditions":[{"cause":"lava","damage_per_tick":4,"filters":{"operator":"==","subject":"self","test":"in_lava","value":true}}]},"minecraft:jump.static":{},"minecraft:leashable":{"hard_distance":6,"max_distance":10,"soft_distance":4},"minecraft:loot":{"table":"loot_tables/entities/crabclaw.json"},"minecraft:movement":{"value":0.37},"minecraft:movement.basic":{},"minecraft:nameable":{},"minecraft:navigation.climb":{"avoid_damage_blocks":true,"avoid_water":false,"can_float":false,"can_path_over_water":false},"minecraft:persistent":{},"minecraft:physics":{},"minecraft:pushable":{"is_pushable":true,"is_pushable_by_piston":true},"minecraft:type_family":{"family":["crab","mob","crustacea"]},"minecraft:underwater_movement":{"value":0.09}},"description":{"identifier":"id:crab","is_experimental":false,"is_spawnable":true,"is_summonable":true},"events":{"despawn":{"add":{"component_groups":["despawn"]}},"minecraft:entity_spawned":{"sequence":[{"add":{"component_groups":["minecraft:red"]},"filters":{"any_of":[{"test":"has_biome_tag","value":"desert"},{"test":"has_biome_tag","value":"mesa"},{"test":"has_biome_tag","value":"jungle"},{"test":"has_biome_tag","value":"taiga"},{"test":"has_biome_tag","value":"frozen"},{"test":"has_biome_tag","value":"plains"}]}},{"add":{"component_groups":["minecraft:red"]},"filters":{"test":"has_biome_tag","value":"jungle"}},{"add":{"component_groups":["minecraft:red"]},"filters":{"test":"has_biome_tag","value":"savanna"}},{"add":{"component_groups":["minecraft:red"]},"filters":{"any_of":[{"all_of":[{"test":"has_biome_tag","value":"cold"},{"operator":"!=","test":"has_biome_tag","value":"ocean"}]},{"test":"has_biome_tag","value":"frozen"}]}},{"add":{"component_groups":["minecraft:mangrove"]},"filters":{"test":"has_biome_tag","value":"mangrove_swamp"}},{"add":{"component_groups":["minecraft:mangrove"]},"filters":{"test":"has_biome_tag","value":"swamp"}}]},"minecraft:spawn_default":{"add":{"component_groups":["minecraft:red"]}},"minecraft:spawn_mangrove":{"add":{"component_groups":["minecraft:mangrove"]}}}}}