{"format_version":"1.16.0","minecraft:entity":{"component_groups":{"attack_cooldown":{"minecraft:attack_cooldown":{"attack_cooldown_complete_event":{"event":"attack_cooldown_complete_event","target":"self"},"attack_cooldown_time":120}},"axolotl_blue":{"minecraft:variant":{"value":4}},"axolotl_cyan":{"minecraft:variant":{"value":1}},"axolotl_dried":{"minecraft:damage_over_time":{"damage_per_hurt":1,"time_between_hurt":0}},"axolotl_gold":{"minecraft:variant":{"value":2}},"axolotl_in_water":{"minecraft:environment_sensor":{"triggers":[{"event":"start_drying_out","filters":{"operator":"!=","test":"in_water","value":true}}]}},"axolotl_lucy":{"minecraft:variant":{"value":0}},"axolotl_on_land":{"minecraft:drying_out_timer":{"dried_out_event":{"event":"dried_out"},"recover_after_dried_out_event":{"event":"recover_after_dried_out"},"stopped_drying_out_event":{"event":"stop_drying_out"},"total_time":300,"water_bottle_refill_time":90}},"axolotl_on_land_in_rain":{"minecraft:environment_sensor":{"triggers":[{"event":"start_drying_out","filters":{"operator":"!=","test":"in_water_or_rain","value":true}},{"event":"enter_water","filters":{"operator":"==","test":"in_water","value":true}}]}},"axolotl_wild":{"minecraft:variant":{"value":3}}},"components":{"minecraft:attack":{"damage":5},"minecraft:behavior.hurt_by_target":{"priority":3},"minecraft:behavior.look_at_player":{"priority":10,"probability":0.02,"target_distance":6},"minecraft:behavior.melee_attack":{"max_dist":3,"priority":2,"random_stop_interval":100,"reach_multiplier":1.4,"speed_multiplier":1,"target_dist":0,"track_target":false},"minecraft:behavior.move_to_water":{"goal_radius":0.1,"priority":6,"search_count":1,"search_height":5,"search_range":16},"minecraft:behavior.nearest_attackable_target":{"entity_types":[{"filters":{"any_of":[{"subject":"other","test":"is_family","value":"dummy"},{"subject":"other","test":"is_family","value":"bettafish"},{"subject":"other","test":"is_family","value":"seahorse"},{"subject":"other","test":"is_family","value":"player"},{"subject":"other","test":"is_family","value":"chicken"},{"subject":"other","test":"is_family","value":"rabbit"},{"subject":"other","test":"is_family","value":"salmon"},{"subject":"other","test":"is_family","value":"farmer"},{"subject":"other","test":"is_family","value":"fisherman"},{"subject":"other","test":"is_family","value":"butcher"},{"subject":"other","test":"is_family","value":"vindicator"},{"subject":"other","test":"is_family","value":"monkey"},{"subject":"other","test":"is_family","value":"archaeopteryx"},{"subject":"other","test":"is_family","value":"orangutan"}]},"max_dist":6,"must_see":false},{"filters":{"all_of":[{"subject":"other","test":"in_water","value":true},{"any_of":[{"subject":"other","test":"is_family","value":"drowned"},{"subject":"other","test":"is_family","value":"guardian"},{"subject":"other","test":"is_family","value":"guardian_elder"}]}]},"max_dist":8}],"must_reach":false,"must_see":false,"must_see_forget_duration":17,"priority":3,"reselect_targets":true,"within_radius":20},"minecraft:behavior.owner_hurt_by_target":{"priority":1},"minecraft:behavior.owner_hurt_target":{"priority":2},"minecraft:behavior.random_stroll":{"interval":100,"priority":9},"minecraft:behavior.random_swim":{"interval":0,"priority":8,"xz_dist":30,"y_dist":15},"minecraft:behavior.swim_idle":{"idle_time":5,"priority":7,"success_rate":0.05},"minecraft:behavior.tempt":{"can_tempt_vertically":true,"items":["tropical_fish_bucket"],"priority":2,"speed_multiplier":1.1},"minecraft:collision_box":{"height":0.6,"width":0.9},"minecraft:damage_sensor":{"triggers":{"cause":"lightning","damage_multiplier":2000,"deals_damage":true}},"minecraft:despawn":{"despawn_from_distance":{}},"minecraft:experience_reward":{"on_death":"query.last_hit_by_player ? 1 : 0"},"minecraft:health":{"max":18,"value":18},"minecraft:hurt_on_condition":{"damage_conditions":[{"cause":"lava","damage_per_tick":4,"filters":{"operator":"==","subject":"self","test":"in_lava","value":true}}]},"minecraft:is_hidden_when_invisible":{},"minecraft:jump.static":{},"minecraft:leashable":{"hard_distance":6,"max_distance":10,"soft_distance":4},"minecraft:loot":{"table":"loot_tables/entities/id_komodo_dragon.json"},"minecraft:movement":{"value":0.3},"minecraft:movement.amphibious":{},"minecraft:nameable":{"allowNameTagRenaming":true,"alwaysShow":false},"minecraft:navigation.generic":{"avoid_damage_blocks":true,"can_path_over_water":true,"can_sink":false,"can_swim":true,"can_walk":true,"is_amphibious":true},"minecraft:on_death":{"event":"on:death","target":"self"},"minecraft:on_hurt":{"event":"on:hurt","target":"self"},"minecraft:on_hurt_by_player":{"event":"on:hurt_by_player","target":"self"},"minecraft:on_ignite":{"event":"on:ignite","target":"self"},"minecraft:on_target_acquired":{"event":"on:target_acquired","target":"self"},"minecraft:on_target_escape":{"event":"on:target_escape","target":"self"},"minecraft:on_wake_with_owner":{"event":"on:wake_with_owner","target":"self"},"minecraft:physics":{},"minecraft:pushable":{"is_pushable":true,"is_pushable_by_piston":true},"minecraft:scale":{"value":1},"minecraft:type_family":{"family":["mob","Reptiles","Crococile"]},"minecraft:underwater_movement":{"value":0.1}},"description":{"identifier":"id:crocodile","is_experimental":false,"is_spawnable":true,"is_summonable":true},"events":{"attack_cooldown_complete_event":{"remove":{"component_groups":["attack_cooldown"]}},"enter_water":{"add":{"component_groups":["axolotl_in_water"]},"remove":{"component_groups":["axolotl_on_land","axolotl_on_land_in_rain","axolotl_dried"]}},"killed_enemy_event":{"add":{"component_groups":["attack_cooldown"]}},"minecraft:ageable_grow_up":{"add":{"component_groups":["axolotl_adult"]},"remove":{"component_groups":["axolotl_baby"]}},"minecraft:entity_born":{"sequence":[{"add":{"component_groups":["axolotl_baby","axolotl_in_water"]},"remove":{"component_groups":["axolotl_adult"]}},{"add":{"component_groups":["axolotl_blue"]},"filters":{"operator":"!=","test":"has_component","value":"minecraft:variant"}}]},"minecraft:entity_spawned":{"sequence":[{"add":{"component_groups":["axolotl_adult","axolotl_in_water"]}},{"randomize":[{"add":{"component_groups":["axolotl_cyan"]},"weight":25},{"add":{"component_groups":["axolotl_gold"]},"weight":25},{"add":{"component_groups":["axolotl_lucy"]},"weight":25},{"add":{"component_groups":["axolotl_wild"]},"weight":25}]}]},"on:death":{"run_command":{"command":[]}},"on:hurt":{"run_command":{"command":[]}},"on:hurt_by_player":{"run_command":{"command":[]}},"on:ignite":{"run_command":{"command":[]}},"on:target_acquired":{"run_command":{"command":[]}},"on:target_escape":{"run_command":{"command":[]}},"on:wake_with_owner":{"run_command":{"command":[]}},"recover_after_dried_out":{"remove":{"component_groups":["axolotl_dried"]}}}}}