{"format_version":"1.8.0","minecraft:entity":{"component_groups":{"despawn":{"minecraft:instant_despawn":{}},"minecraft:crockskink_baby":{"minecraft:ageable":{"duration":1200,"feed_items":["berry","spider_eye"],"grow_up":{"event":"minecraft:ageable_grow_up","target":"self"}},"minecraft:behavior.follow_parent":{"priority":6,"speed_multiplier":1.1},"minecraft:interact":[{"interact_text":"Catch","on_interact":{"event":"despawn","filters":{"all_of":[{"subject":"other","test":"is_family","value":"player"},{"domain":"hand","subject":"other","test":"has_equipment","value":"id:bag"}]}},"play_sounds":"armor.equip_leather","transform_to_item":"id:bagbabycrocskink","use_item":true}],"minecraft:is_baby":{},"minecraft:scale":{"value":0.5}},"minecraft:crocskink_adult":{"minecraft:behavior.breed":{"priority":3,"speed_multiplier":1},"minecraft:breedable":{"breedItems":["fish","salmon","spider_eye","sweet_berries","glow_berries"],"breedsWith":[{"babyType":"id:crocskink","breed_event":{"event":"minecraft:entity_born","target":"baby"},"mateType":"id:crocskink"}],"requireTame":false},"minecraft:interact":[{"interact_text":"Catch","on_interact":{"event":"despawn","filters":{"all_of":[{"subject":"other","test":"is_family","value":"player"},{"domain":"hand","subject":"other","test":"has_equipment","value":"id:bag"}]}},"play_sounds":"armor.equip_leather","transform_to_item":"id:bagcrocskink","use_item":true}]},"minecraft:crocskink_tame":{"minecraft:behavior.breed":{"priority":2,"speed_multiplier":1},"minecraft:behavior.follow_owner":{"priority":6,"speed_multiplier":1,"start_distance":10,"stop_distance":2},"minecraft:behavior.stay_while_sitting":{"priority":1},"minecraft:breedable":{"breedItems":["fish","salmon","spider_eye","sweet_berries"],"breedsWith":[{"babyType":"id:crocskink","breed_event":{"event":"minecraft:entity_born","target":"baby"},"mateType":"id:crocskink"}],"requireTame":false},"minecraft:healable":{"items":[{"heal_amount":2,"item":"fish"},{"heal_amount":2,"item":"salmon"},{"heal_amount":1,"item":"clownfish"},{"heal_amount":3,"item":"carrot"},{"heal_amount":5,"item":"sweet_berries"},{"heal_amount":10,"item":"rabbit_stew"}]},"minecraft:health":{"max":8,"value":8},"minecraft:is_tamed":{},"minecraft:leashable":{"hard_distance":6,"max_distance":10,"on_leash":{"event":"minecraft:on_leash","target":"self"},"on_unleash":{"event":"minecraft:on_unleash","target":"self"},"soft_distance":4},"minecraft:sittable":{}},"minecraft:crocskink_wild":{"minecraft:health":{"max":5,"value":5},"minecraft:tameable":{"probability":0.33,"tame_event":{"event":"minecraft:on_tame","target":"self"},"tameItems":["apple","melon"]}}},"components":{"minecraft:balloonable":{},"minecraft:behavior.breed":{"priority":3,"speed_multiplier":1},"minecraft:behavior.flee_sun":{"priority":2,"speed_multiplier":2},"minecraft:behavior.float":{"priority":0},"minecraft:behavior.follow_parent":{"priority":5,"speed_multiplier":1.1},"minecraft:behavior.look_at_player":{"look_distance":6,"priority":7,"probability":0.02},"minecraft:behavior.mount_pathing":{"priority":2,"speed_multiplier":1.5,"target_dist":0,"track_target":true},"minecraft:behavior.panic":{"priority":1,"speed_multiplier":1.25},"minecraft:behavior.play_dead":{"apply_regeneration":true,"damage_sources":["contact","entity_attack","entity_explosion","magic","projectile","thorns","wither"],"duration":12,"force_below_health":3,"priority":0,"random_damage_range":[0,2],"random_start_chance":0.33},"minecraft:behavior.random_look_around":{"priority":9},"minecraft:behavior.random_stroll":{"priority":6,"speed_multiplier":0.8},"minecraft:behavior.tempt":{"items":["wheat"],"priority":4,"speed_multiplier":1.25},"minecraft:breathable":{"suffocateTime":0,"totalSupply":15},"minecraft:breedable":{"breedItems":["fish","salmon","spider_eye"],"breedsWith":[{"babyType":"id:crocskink","breed_event":{"event":"minecraft:entity_born","target":"baby"},"mateType":"id:crocskink"}],"requireTame":false},"minecraft:can_climb":{},"minecraft:collision_box":{"height":0.5,"width":0.5},"minecraft:experience_reward":{"on_death":"query.last_hit_by_player ? 1 : 0"},"minecraft:health":{"max":5,"value":5},"minecraft:jump.static":{},"minecraft:leashable":{"hard_distance":6,"max_distance":10,"soft_distance":4},"minecraft:lookat":{"allow_invulnerable":false,"filters":{"test":"has_target"},"look_cooldown":[15,25],"search_radius":8,"set_target":true},"minecraft:loot":{"table":"loot_tables/entities/id_crocskink.json"},"minecraft:movement":{"value":0.39},"minecraft:movement.basic":{},"minecraft:nameable":{"allowNameTagRenaming":true,"alwaysShow":false},"minecraft:navigation.walk":{"avoid_damage_blocks":true,"avoid_water":true,"can_path_over_water":true},"minecraft:on_death":{"event":"on:death","target":"self"},"minecraft:on_hurt":{"event":"on:hurt","target":"self"},"minecraft:on_hurt_by_player":{"event":"on:hurt_by_player","target":"self"},"minecraft:on_ignite":{"event":"on:ignite","target":"self"},"minecraft:on_target_acquired":{"event":"on:target_acquired","target":"self"},"minecraft:on_target_escape":{"event":"on:target_escape","target":"self"},"minecraft:on_wake_with_owner":{"event":"on:wake_with_owner","target":"self"},"minecraft:physics":{},"minecraft:scale":{"value":1},"minecraft:type_family":{"family":["reptile","mob"]},"minecraft:underwater_movement":{"value":0.06}},"description":{"identifier":"id:crocskink","is_experimental":false,"is_spawnable":true,"is_summonable":true},"events":{"despawn":{"add":{"component_groups":["despawn"]}},"minecraft:ageable_grow_up":{"add":{"component_groups":["minecraft:crocskink_adult"]},"remove":{"component_groups":["minecraft:crocskink_baby"]}},"minecraft:entity_born":{"add":{"component_groups":["minecraft:cow_baby"]}},"minecraft:entity_spawned":{"randomize":[{"add":{"component_groups":["minecraft:crocskink_adult","minecraft:crocskink_wild"]},"weight":95},{"add":{"component_groups":["minecraft:crocskink_baby"]},"weight":5}]},"minecraft:entity_transformed":{"add":{"component_groups":["minecraft:crocskink_adult"]},"remove":{}},"minecraft:on_tame":{"add":{"component_groups":["minecraft:crocskink_tame"]},"remove":{"component_groups":["minecraft:crocskink_wild"]}}}}}