{"format_version":"1.8.0","minecraft:entity":{"component_groups":{"default":{"minecraft:attack":{"damage":6},"minecraft:behavior.hurt_by_target":{"priority":3},"minecraft:behavior.melee_attack":{"max_dist":3,"priority":2,"random_stop_interval":100,"reach_multiplier":1.4,"speed_multiplier":1.2,"target_dist":0,"track_target":false},"minecraft:behavior.move_towards_home_restriction":{"priority":5,"speed_multiplier":1.3},"minecraft:behavior.nearest_attackable_target":{"entity_types":[{"filters":{"any_of":[{"subject":"other","test":"is_family","value":"sealion"},{"subject":"other","test":"is_family","value":"squid"},{"subject":"other","test":"is_family","value":"dummy"},{"subject":"other","test":"is_family","value":"arowana"},{"subject":"other","test":"is_family","value":"octopus"},{"subject":"other","test":"is_family","value":"player_hurt"}]},"max_dist":12,"must_see":false}],"must_reach":false,"must_see":false,"priority":3,"speed_multiplier":1,"within_radius":25},"minecraft:collision_box":{"height":0.7,"width":0.9},"minecraft:health":{"max":16,"value":16},"minecraft:home":{"restriction_radius":24},"minecraft:type_family":{"family":["fish","shark","reefshark","grey_reefshark"]},"minecraft:underwater_movement":{"value":0.2}}},"components":{"minecraft:behavior.avoid_mob_type":{"entity_types":[{"filters":{"subject":"other","test":"is_family","value":"orca"},"max_dist":15,"sprint_speed_multiplier":1.39,"walk_speed_multiplier":0.9}],"priority":6},"minecraft:behavior.move_towards_home_restriction":{"priority":5,"speed_multiplier":1.3},"minecraft:behavior.ocelotattack":{"priority":1,"sneak_speed_multiplier":0.8,"sprint_speed_multiplier":2.06,"walk_speed_multiplier":0.8},"minecraft:behavior.owner_hurt_by_target":{"priority":1},"minecraft:behavior.owner_hurt_target":{"priority":2},"minecraft:behavior.random_swim":{"interval":0,"priority":3,"speed_multiplier":1,"xz_dist":16,"y_dist":4},"minecraft:behavior.swim_idle":{"priority":5},"minecraft:behavior.swim_wander":{"interval":10,"look_ahead":2,"priority":4,"speed_multiplier":1},"minecraft:breathable":{"breathesAir":false,"breathesWater":true,"suffocateTime":0,"totalSupply":15},"minecraft:experience_reward":{"on_death":"query.last_hit_by_player ? 1 : 0"},"minecraft:home":{"restriction_radius":14},"minecraft:loot":{"table":"loot_tables/entities/fish.json"},"minecraft:movement":{"value":0.1},"minecraft:movement.sway":{"sway_amplitude":0},"minecraft:nameable":{"allowNameTagRenaming":true,"alwaysShow":false},"minecraft:navigation.generic":{"can_breach":false,"can_path_over_water":false,"can_sink":false,"can_swim":true,"can_walk":false,"is_amphibious":false},"minecraft:physics":{},"minecraft:scale":{"value":1}},"description":{"identifier":"id:grey_reefshark","is_experimental":false,"is_spawnable":true,"is_summonable":true},"events":{"minecraft:entity_spawned":{"add":{"component_groups":["default"]}}}}}