{"format_version":"1.8.0","minecraft:entity":{"component_groups":{"agressive":{"minecraft:behavior.hurt_by_target":{"priority":3},"minecraft:behavior.nearest_attackable_target":{"entity_types":[{"filters":{"any_of":[{"subject":"other","test":"is_family","value":"hermitcrab"},{"subject":"other","test":"is_family","value":"player"},{"subject":"other","test":"is_family","value":"drowned"}]},"max_dist":28,"must_see":false}],"must_reach":false,"must_see":false,"priority":3,"speed_multiplier":1,"within_radius":25},"minecraft:health":{"max":12,"value":12},"minecraft:type_family":{"family":["hermitcrab","mob","agressive_withshell"]}},"despawn":{"minecraft:instant_despawn":{}},"minecraft:purple":{"minecraft:interact":[{"interact_text":"Catch","on_interact":{"event":"despawn","filters":{"all_of":[{"subject":"other","test":"is_family","value":"player"},{"domain":"hand","subject":"other","test":"has_equipment","value":"water_bucket"}]}},"play_sounds":"bucket.fill_fish","transform_to_item":"id:hermitcrab_purple_bucket","use_item":true},{"interact_text":"give","on_interact":{"event":"addshell","filters":{"all_of":[{"subject":"other","test":"is_family","value":"player"},{"domain":"hand","subject":"other","test":"has_equipment","value":"id:shell"}]}},"play_sounds":"bucket","use_item":true},{"interact_text":"give","on_interact":{"event":"addshell2","filters":{"all_of":[{"subject":"other","test":"is_family","value":"player"},{"domain":"hand","subject":"other","test":"has_equipment","value":"id:clamshell"}]}},"play_sounds":"bucket","use_item":true},{"interact_text":"Catch","on_interact":{"event":"angry","filters":{"all_of":[{"subject":"other","test":"is_family","value":"player"},{"domain":"hand","subject":"other","test":"has_equipment","value":"id:bag"}]}},"play_sounds":"mob.sheep.shear","transform_to_item":"id:brokenbag","use_item":true}],"minecraft:variant":{"value":1}},"minecraft:red":{"minecraft:interact":[{"interact_text":"Catch","on_interact":{"event":"despawn","filters":{"all_of":[{"subject":"other","test":"is_family","value":"player"},{"domain":"hand","subject":"other","test":"has_equipment","value":"water_bucket"}]}},"play_sounds":"bucket.fill_fish","transform_to_item":"id:hermitcrab_red_bucket","use_item":true},{"interact_text":"give","on_interact":{"event":"addshell","filters":{"all_of":[{"subject":"other","test":"is_family","value":"player"},{"domain":"hand","subject":"other","test":"has_equipment","value":"id:shell"}]}},"play_sounds":"bucket","use_item":true},{"interact_text":"give","on_interact":{"event":"addshell2","filters":{"all_of":[{"subject":"other","test":"is_family","value":"player"},{"domain":"hand","subject":"other","test":"has_equipment","value":"id:clamshell"}]}},"play_sounds":"bucket","use_item":true},{"interact_text":"Catch","on_interact":{"event":"angry","filters":{"all_of":[{"subject":"other","test":"is_family","value":"player"},{"domain":"hand","subject":"other","test":"has_equipment","value":"id:bag"}]}},"play_sounds":"mob.sheep.shear","transform_to_item":"id:brokenbag","use_item":true}],"minecraft:variant":{"value":0}},"with_shell":{"minecraft:addrider":{"entity_type":"id:shell"},"minecraft:behavior.hurt_by_target":{"priority":3},"minecraft:health":{"max":13,"value":13},"minecraft:type_family":{"family":["hermitcrab","mob","hermitcrab_with_shell"]}},"with_shell2":{"minecraft:addrider":{"entity_type":"id:shell2"},"minecraft:behavior.hurt_by_target":{"priority":3},"minecraft:health":{"max":13,"value":13},"minecraft:type_family":{"family":["hermitcrab","mob","hermitcrab_with_shell"]}},"with_shell_agre":{"minecraft:addrider":{"entity_type":"id:shell"},"minecraft:behavior.hurt_by_target":{"priority":3},"minecraft:behavior.nearest_attackable_target":{"entity_types":[{"filters":{"any_of":[{"subject":"other","test":"is_family","value":"hermitcrab"},{"subject":"other","test":"is_family","value":"player"},{"subject":"other","test":"is_family","value":"drowned"}]},"max_dist":28,"must_see":false}],"must_reach":false,"must_see":false,"priority":3,"speed_multiplier":1,"within_radius":25},"minecraft:health":{"max":12,"value":12},"minecraft:type_family":{"family":["hermitcrab","mob","agressive_withshell"]}},"without_shell":{"minecraft:behavior.hurt_by_target":{"priority":3},"minecraft:health":{"max":13,"value":13},"minecraft:type_family":{"family":["hermitcrab","mob","hermitcrab_without_shell"]}},"without_shell_agre":{"minecraft:behavior.hurt_by_target":{"priority":3},"minecraft:behavior.nearest_attackable_target":{"entity_types":[{"filters":{"any_of":[{"subject":"other","test":"is_family","value":"hermitcrab"},{"subject":"other","test":"is_family","value":"player"},{"subject":"other","test":"is_family","value":"drowned"}]},"max_dist":28,"must_see":false}],"must_reach":false,"must_see":false,"priority":3,"speed_multiplier":1,"within_radius":25},"minecraft:health":{"max":12,"value":12},"minecraft:type_family":{"family":["hermitcrab","mob","agressive_withoutshell"]}}},"components":{"minecraft:attack":{"damage":3},"minecraft:balloonable":{},"minecraft:behavior.follow_parent":{"priority":5,"speed_multiplier":1.1},"minecraft:behavior.look_at_player":{"look_distance":6,"priority":7,"probability":0.02},"minecraft:behavior.melee_attack":{"max_dist":3,"priority":2,"random_stop_interval":100,"reach_multiplier":1.4,"speed_multiplier":1,"target_dist":0,"track_target":false},"minecraft:behavior.mount_pathing":{"priority":2,"speed_multiplier":1.5,"target_dist":0,"track_target":true},"minecraft:behavior.random_look_around":{"priority":9},"minecraft:behavior.random_stroll":{"priority":6,"speed_multiplier":0.8},"minecraft:behavior.tempt":{"items":["wheat"],"priority":4,"speed_multiplier":1.25},"minecraft:can_climb":{},"minecraft:collision_box":{"height":0.5,"width":0.7},"minecraft:experience_reward":{"on_death":"query.last_hit_by_player ? 1 : 0"},"minecraft:jump.static":{},"minecraft:leashable":{"hard_distance":6,"max_distance":10,"soft_distance":4},"minecraft:loot":{"table":"loot_tables/entities/crabclaw.json"},"minecraft:movement":{"value":0.35},"minecraft:movement.basic":{},"minecraft:nameable":{"allowNameTagRenaming":true,"alwaysShow":false},"minecraft:navigation.walk":{"avoid_damage_blocks":true,"avoid_water":false,"can_path_over_water":false},"minecraft:physics":{},"minecraft:rideable":{"event":"becomeshell","family_types":["shell"],"interact_text":"action.interact.mount","pull_in_entities":true,"seat_count":1,"seats":[{"position":[0,0.4,-0.1]}]},"minecraft:scale":{"value":1},"minecraft:type_family":{"family":["hermitcrab","mob","crustacea"]},"minecraft:underwater_movement":{"value":0.09}},"description":{"identifier":"id:hermitcrab","is_experimental":false,"is_spawnable":true,"is_summonable":true},"events":{"addshell":{"add":{"component_groups":["with_shell"]}},"addshell2":{"add":{"component_groups":["with_shell2"]}},"angry":{"add":{"component_groups":["agressive"]}},"despawn":{"add":{"component_groups":["despawn"]}},"minecraft:entity_spawned":{"randomize":[{"add":{"component_groups":["with_shell","minecraft:red"]},"weight":95},{"add":{"component_groups":["without_shell","minecraft:red"]},"weight":86},{"add":{"component_groups":["with_shell2","minecraft:red"]},"weight":95},{"add":{"component_groups":["with_shell_agre","minecraft:purple"]},"weight":77},{"add":{"component_groups":["without_shell_agre","minecraft:red"]},"weight":77},{"add":{"component_groups":["with_shell","minecraft:purple"]},"weight":96},{"add":{"component_groups":["without_shell","minecraft:purple"]},"weight":87},{"add":{"component_groups":["with_shell2","minecraft:purple"]},"weight":95},{"add":{"component_groups":["with_shell_agre","minecraft:red"]},"weight":78},{"add":{"component_groups":["without_shell_agre","minecraft:purple"]},"weight":77}]},"minecraft:spawn_purplewithoutshell":{"add":{"component_groups":["without_shell","minecraft:purple"]}},"minecraft:spawn_redwithoutshell":{"add":{"component_groups":["without_shell","minecraft:red"]}}}}}