{"format_version":"1.16.0","minecraft:entity":{"component_groups":{},"components":{"minecraft:behavior.float":{"priority":0},"minecraft:behavior.float_wander":{"float_duration":[0.1,0.35],"random_reselect":true,"xz_dist":10,"y_dist":5,"y_offset":-2},"minecraft:behavior.random_hover":{"hover_height":[1,4],"interval":1,"priority":9,"xz_dist":8,"y_dist":8,"y_offset":-1},"minecraft:breathable":{"suffocate_time":0,"total_supply":15},"minecraft:can_fly":{},"minecraft:collision_box":{"height":0.7,"width":0.3},"minecraft:conditional_bandwidth_optimization":{},"minecraft:damage_sensor":{"triggers":{"cause":"fall","deals_damage":false}},"minecraft:despawn":{"despawn_from_distance":{}},"minecraft:health":{"max":6,"value":6},"minecraft:hurt_on_condition":{"damage_conditions":[{"cause":"lava","damage_per_tick":4,"filters":{"operator":"==","subject":"self","test":"in_lava","value":true}}]},"minecraft:jump.static":{},"minecraft:movement":{"value":0.1},"minecraft:movement.basic":{},"minecraft:movement.hover":{},"minecraft:nameable":{},"minecraft:navigation.float":{"can_path_over_water":true},"minecraft:navigation.hover":{"avoid_damage_blocks":true,"avoid_sun":false,"avoid_water":true,"can_pass_doors":false,"can_path_from_air":true,"can_path_over_water":true,"can_sink":false},"minecraft:physics":{},"minecraft:scale":{"value":1.6},"minecraft:type_family":{"family":["bat","mob","honduran_whitebat"]}},"description":{"identifier":"id:honduran_whitebat","is_experimental":false,"is_spawnable":true,"is_summonable":true,"runtime_identifier":"minecraft:allay"},"events":{}}}