{"format_version":"1.8.0","minecraft:entity":{"component_groups":{"minecraft:iguana_adult":{"minecraft:behavior.breed":{"priority":3,"speed_multiplier":1},"minecraft:breedable":{"breedItems":["apple","melon","sweet_berries","glow_berries"],"breedsWith":[{"babyType":"id:iguana","breed_event":{"event":"minecraft:entity_born","target":"baby"},"mateType":"id:iguana"}],"requireTame":false},"minecraft:health":{"max":10,"value":10}},"minecraft:iguana_baby":{"minecraft:ageable":{"duration":1200,"feed_items":["sweet_berries","glow_berries","melon","apple"],"grow_up":{"event":"minecraft:ageable_grow_up","target":"self"}},"minecraft:behavior.follow_parent":{"priority":6,"speed_multiplier":1.1},"minecraft:health":{"max":5,"value":5},"minecraft:is_baby":{},"minecraft:scale":{"value":0.5}}},"components":{"minecraft:balloonable":{},"minecraft:behavior.breed":{"priority":3,"speed_multiplier":1},"minecraft:behavior.float":{"priority":0},"minecraft:behavior.follow_parent":{"priority":5,"speed_multiplier":1.1},"minecraft:behavior.look_at_player":{"look_distance":6,"priority":7,"probability":0.02},"minecraft:behavior.mount_pathing":{"priority":2,"speed_multiplier":1.5,"target_dist":0,"track_target":true},"minecraft:behavior.panic":{"priority":1,"speed_multiplier":1.25},"minecraft:behavior.random_look_around":{"priority":9},"minecraft:behavior.random_stroll":{"priority":6,"speed_multiplier":0.8},"minecraft:behavior.tempt":{"items":["wheat"],"priority":4,"speed_multiplier":1.25},"minecraft:breathable":{"suffocateTime":0,"totalSupply":15},"minecraft:can_climb":{},"minecraft:collision_box":{"height":0.7,"width":0.6},"minecraft:experience_reward":{"on_death":"query.last_hit_by_player ? 1 : 0"},"minecraft:jump.static":{},"minecraft:leashable":{"hard_distance":6,"max_distance":10,"soft_distance":4},"minecraft:lookat":{"allow_invulnerable":false,"filters":{"test":"has_target"},"look_cooldown":[15,25],"search_radius":8,"set_target":true},"minecraft:loot":{"table":"loot_tables/entities/id_crocskink.json"},"minecraft:movement":{"value":0.37},"minecraft:movement.basic":{},"minecraft:nameable":{"allowNameTagRenaming":true,"alwaysShow":false},"minecraft:navigation.walk":{"avoid_damage_blocks":true,"avoid_water":true,"can_path_over_water":true},"minecraft:on_death":{"event":"on:death","target":"self"},"minecraft:on_hurt":{"event":"on:hurt","target":"self"},"minecraft:on_hurt_by_player":{"event":"on:hurt_by_player","target":"self"},"minecraft:on_ignite":{"event":"on:ignite","target":"self"},"minecraft:on_target_acquired":{"event":"on:target_acquired","target":"self"},"minecraft:on_target_escape":{"event":"on:target_escape","target":"self"},"minecraft:on_wake_with_owner":{"event":"on:wake_with_owner","target":"self"},"minecraft:physics":{},"minecraft:scale":{"value":1},"minecraft:type_family":{"family":["reptile","iguana"]},"minecraft:underwater_movement":{"value":0.06}},"description":{"identifier":"id:iguana","is_experimental":false,"is_spawnable":true,"is_summonable":true},"events":{"minecraft:ageable_grow_up":{"add":{"component_groups":["minecraft:iguana_adult"]},"remove":{"component_groups":["minecraft:iguana_baby"]}},"minecraft:entity_born":{"add":{"component_groups":["minecraft:iguana_baby"]}},"minecraft:entity_spawned":{"randomize":[{"add":{"component_groups":["minecraft:iguana_adult"]},"weight":95},{"add":{"component_groups":["minecraft:iguana_baby"]},"weight":5}]},"minecraft:entity_transformed":{"add":{"component_groups":["minecraft:iguana_adult"]},"remove":{}}}}}