{"format_version":"1.8.0","minecraft:entity":{"component_groups":{"despawning":{"minecraft:instant_despawn":{}},"managed":{"minecraft:managed_wandering_trader":{}}},"components":{"minecraft:balloonable":{},"minecraft:behavior.avoid_mob_type":{"entity_types":[{"filters":{"other_with_families":["irongolem"]},"max_dist":6,"sprint_speed_multiplier":1.2,"walk_speed_multiplier":1}],"max_dist":6,"priority":3,"sneak_speed_multiplier":1,"sprint_speed_multiplier":1.2,"walk_speed_multiplier":1},"minecraft:behavior.float":{"priority":0},"minecraft:behavior.follow_parent":{"priority":5,"speed_multiplier":1.1},"minecraft:behavior.look_at_player":{"look_distance":6,"priority":7,"probability":0.02},"minecraft:behavior.look_at_trading_player":{"priority":2},"minecraft:behavior.mount_pathing":{"priority":2,"speed_multiplier":1.5,"target_dist":0,"track_target":true},"minecraft:behavior.panic":{"priority":1,"speed_multiplier":1.25},"minecraft:behavior.random_look_around":{"priority":9},"minecraft:behavior.random_stroll":{"priority":6,"speed_multiplier":0.8},"minecraft:behavior.tempt":{"items":["wheat"],"priority":4,"speed_multiplier":1.25},"minecraft:behavior.trade_with_player":{"priority":1},"minecraft:breathable":{"suffocateTime":0,"totalSupply":15},"minecraft:can_climb":{},"minecraft:collision_box":{"height":1.3,"width":0.9},"minecraft:experience_reward":{"on_death":"query.last_hit_by_player ? 2 : 0"},"minecraft:health":{"max":10,"value":10},"minecraft:jump.static":{},"minecraft:leashable":{"hard_distance":6,"max_distance":10,"soft_distance":4},"minecraft:movement":{"value":0.32},"minecraft:movement.basic":{},"minecraft:nameable":{"allowNameTagRenaming":true,"alwaysShow":false},"minecraft:navigation.walk":{"avoid_damage_blocks":true,"avoid_water":true,"can_path_over_water":true},"minecraft:on_death":{"event":"on:death","target":"self"},"minecraft:on_hurt":{"event":"on:hurt","target":"self"},"minecraft:on_hurt_by_player":{"event":"on:hurt_by_player","target":"self"},"minecraft:on_ignite":{"event":"on:ignite","target":"self"},"minecraft:on_target_acquired":{"event":"on:target_acquired","target":"self"},"minecraft:on_target_escape":{"event":"on:target_escape","target":"self"},"minecraft:on_wake_with_owner":{"event":"on:wake_with_owner","target":"self"},"minecraft:physics":{},"minecraft:scale":{"value":1},"minecraft:timer":{"looping":false,"random_time_choices":[{"value":2400,"weight":50},{"value":3600,"weight":50}],"time_down_event":{"event":"minecraft:start_despawn","target":"self"}},"minecraft:trade_table":{"display_name":"entity.id:iltrader.name","new_screen":true,"table":"trades/entities/iltrader_trades.json"},"minecraft:type_family":{"family":["illager_trader","illager"]},"minecraft:underwater_movement":{"value":0.02}},"description":{"identifier":"id:iltrader","is_experimental":false,"is_spawnable":true,"is_summonable":true,"runtime_identifier":"minecraft:wandering_trader"},"events":{"minecraft:scheduled":{"add":{"component_groups":["managed"]}},"minecraft:start_despawn":{"add":{"component_groups":["despawning"]}}}}}