{"format_version":"1.18.10","minecraft:entity":{"component_groups":{"minecraft:player_created":{"minecraft:behavior.hurt_by_target":{"entity_types":{"filters":{"all_of":[{"operator":"!=","subject":"other","test":"is_family","value":"player"},{"operator":"!=","subject":"other","test":"is_family","value":"creeper"}]}},"priority":2}},"minecraft:village_created":{"minecraft:behavior.defend_village_target":{"attack_chance":0.05,"entity_types":{"filters":{"any_of":[{"subject":"other","test":"is_family","value":"mob"},{"subject":"other","test":"is_family","value":"player"}]}},"must_reach":true,"priority":1},"minecraft:dweller":{"can_find_poi":false,"can_migrate":true,"dweller_role":"defender","dwelling_type":"village","first_founding_reward":0,"update_interval_base":60,"update_interval_variant":40}}},"components":{"minecraft:attack":{"damage":{"range_max":21,"range_min":7}},"minecraft:balloonable":{"mass":2},"minecraft:behavior.hurt_by_target":{"entity_types":{"filters":{"operator":"!=","subject":"other","test":"is_family","value":"creeper"}},"priority":2},"minecraft:behavior.look_at_player":{"look_distance":6,"priority":7,"probability":0.02},"minecraft:behavior.melee_attack":{"priority":1,"track_target":true},"minecraft:behavior.move_through_village":{"only_at_night":true,"priority":3,"speed_multiplier":0.6},"minecraft:behavior.move_towards_dwelling_restriction":{"priority":4,"speed_multiplier":1},"minecraft:behavior.move_towards_target":{"priority":2,"speed_multiplier":0.9,"within_radius":32},"minecraft:behavior.nearest_attackable_target":{"entity_types":[{"filters":{"all_of":[{"subject":"other","test":"is_family","value":"monster"},{"operator":"!=","subject":"other","test":"is_family","value":"creeper"},{"subject":"other","test":"is_family","value":"illager_trader"}]},"within_default":10},{"filters":{"all_of":[{"subject":"other","test":"is_family","value":"hoglin"},{"operator":"!=","test":"is_difficulty","value":"peaceful"}]},"max_dist":16},{"filters":{"all_of":[{"subject":"other","test":"is_family","value":"zoglin"},{"operator":"!=","test":"is_difficulty","value":"peaceful"}]},"max_dist":16}],"must_reach":true,"must_see":true,"priority":3},"minecraft:behavior.offer_flower":{"priority":5},"minecraft:behavior.random_look_around":{"priority":8},"minecraft:behavior.random_stroll":{"priority":6,"speed_multiplier":0.6,"xz_dist":16},"minecraft:behavior.target_when_pushed":{"entity_types":[{"filters":{"all_of":[{"subject":"other","test":"is_family","value":"monster"},{"operator":"!=","subject":"other","test":"is_family","value":"creeper"}]}}],"percent_chance":5,"priority":1},"minecraft:can_climb":{},"minecraft:collision_box":{"height":2.9,"width":1.4},"minecraft:conditional_bandwidth_optimization":{},"minecraft:damage_sensor":{"triggers":{"cause":"fall","deals_damage":false}},"minecraft:follow_range":{"value":64},"minecraft:health":{"max":100,"value":100},"minecraft:hurt_on_condition":{"damage_conditions":[{"cause":"lava","damage_per_tick":4,"filters":{"operator":"==","subject":"self","test":"in_lava","value":true}}]},"minecraft:interact":{"interactions":[{"health_amount":25,"interact_text":"repair","on_interact":{"filters":{"all_of":[{"subject":"other","test":"is_family","value":"player"},{"domain":"hand","subject":"other","test":"has_equipment","value":"iron_ingot"},{"test":"is_missing_health","value":true}]}},"play_sounds":"irongolem.repair","use_item":true}]},"minecraft:is_hidden_when_invisible":{},"minecraft:jump.static":{},"minecraft:knockback_resistance":{"value":1},"minecraft:leashable":{"hard_distance":6,"max_distance":10,"soft_distance":4},"minecraft:loot":{"table":"loot_tables/entities/iron_golem.json"},"minecraft:movement":{"value":0.25},"minecraft:movement.basic":{},"minecraft:nameable":{},"minecraft:navigation.walk":{"avoid_damage_blocks":true,"avoid_water":true,"can_path_over_water":false},"minecraft:persistent":{},"minecraft:physics":{},"minecraft:preferred_path":{"default_block_cost":1.5,"jump_cost":5,"max_fall_blocks":1,"preferred_path_blocks":[{"blocks":["grass_path"],"cost":0},{"blocks":["cobblestone","stone","stonebrick","sandstone","mossy_cobblestone","stone_slab","stone_slab2","stone_slab3","stone_slab4","double_stone_slab","double_stone_slab2","double_stone_slab3","double_stone_slab4","wooden_slab","double_wooden_slab","planks","brick_block","nether_brick","red_nether_brick","end_bricks","red_sandstone","stained_glass","glass","glowstone","prismarine","emerald_block","diamond_block","lapis_block","gold_block","redstone_block","purple_glazed_terracotta","white_glazed_terracotta","orange_glazed_terracotta","magenta_glazed_terracotta","light_blue_glazed_terracotta","yellow_glazed_terracotta","lime_glazed_terracotta","pink_glazed_terracotta","gray_glazed_terracotta","silver_glazed_terracotta","cyan_glazed_terracotta","blue_glazed_terracotta","brown_glazed_terracotta","green_glazed_terracotta","red_glazed_terracotta","black_glazed_terracotta"],"cost":1},{"blocks":["bed","lectern","composter","grindstone","blast_furnace","smoker","fletching_table","cartography_table","brewing_stand","smithing_table","cauldron","barrel","loom","stonecutter"],"cost":50}]},"minecraft:pushable":{"is_pushable":true,"is_pushable_by_piston":true},"minecraft:type_family":{"family":["irongolem","mob"]}},"description":{"identifier":"minecraft:iron_golem","is_experimental":false,"is_spawnable":false,"is_summonable":true},"events":{"minecraft:from_player":{"add":{"component_groups":["minecraft:player_created"]}},"minecraft:from_village":{"add":{"component_groups":["minecraft:village_created"]}}}}}