{"format_version":"1.16.0","minecraft:entity":{"component_groups":{"despawn":{"minecraft:instant_despawn":{}},"minecraft:benigoi":{"minecraft:interact":{"interactions":[{"interact_text":"Catch","on_interact":{"event":"despawn","filters":{"any_of":[{"domain":"hand","subject":"other","test":"has_equipment","value":"water_bucket"}]}},"play_sounds":"bucket.fill.fish","transform_to_item":"id:benigoi_bucket","use_item":true}]},"minecraft:variant":{"value":4}},"minecraft:chagoi":{"minecraft:interact":{"interactions":[{"interact_text":"Catch","on_interact":{"event":"despawn","filters":{"any_of":[{"domain":"hand","subject":"other","test":"has_equipment","value":"water_bucket"}]}},"play_sounds":"bucket.fill.fish","transform_to_item":"id:chagoi_bucket","use_item":true}]},"minecraft:variant":{"value":5}},"minecraft:kohaku":{"minecraft:interact":{"interactions":[{"interact_text":"Catch","on_interact":{"event":"despawn","filters":{"any_of":[{"domain":"hand","subject":"other","test":"has_equipment","value":"water_bucket"}]}},"play_sounds":"bucket.fill.fish","transform_to_item":"id:kohaku_bucket","use_item":true}]},"minecraft:variant":{"value":0}},"minecraft:ogon":{"minecraft:variant":{"value":1}},"minecraft:sanke":{"minecraft:variant":{"value":2}},"minecraft:tancho":{"minecraft:interact":{"interactions":[{"interact_text":"Catch","on_interact":{"event":"despawn","filters":{"any_of":[{"domain":"hand","subject":"other","test":"has_equipment","value":"water_bucket"}]}},"play_sounds":"bucket.fill.fish","transform_to_item":"id:tancho_bucket","use_item":true}]},"minecraft:variant":{"value":3}}},"components":{"minecraft:behavior.avoid_mob_type":{"entity_types":[{"filters":{"subject":"other","test":"is_family","value":"player"},"max_dist":6,"sprint_speed_multiplier":2,"walk_speed_multiplier":1.5}],"priority":1},"minecraft:behavior.random_swim":{"interval":0,"priority":3,"speed_multiplier":1,"xz_dist":16,"y_dist":4},"minecraft:behavior.swim_idle":{"idle_time":5,"priority":5,"success_rate":0.1},"minecraft:behavior.swim_wander":{"interval":0.1,"look_ahead":2,"priority":4,"speed_multiplier":1,"wander_time":5},"minecraft:breathable":{"breathes_air":false,"breathes_water":true,"suffocate_time":0,"total_supply":15},"minecraft:collision_box":{"height":0.3,"width":0.7},"minecraft:conditional_bandwidth_optimization":{},"minecraft:despawn":{"despawn_from_distance":{"max_distance":40,"min_distance":32}},"minecraft:experience_reward":{"on_death":"query.last_hit_by_player ? Math.Random(1,3) : 0"},"minecraft:flocking":{"block_distance":2,"block_weight":0.85,"breach_influence":7,"cohesion_threshold":1.95,"cohesion_weight":2,"goal_weight":2,"high_flock_limit":8,"in_water":true,"influence_radius":3,"innner_cohesion_threshold":1.25,"loner_chance":0.1,"low_flock_limit":4,"match_variants":false,"max_height":6,"min_height":1.5,"separation_threshold":0.95,"separation_weight":1.75,"use_center_of_mass":true},"minecraft:health":{"max":7,"value":7},"minecraft:hurt_on_condition":{"damage_conditions":[{"cause":"lava","damage_per_tick":4,"filters":{"operator":"==","subject":"self","test":"in_lava","value":true}}]},"minecraft:is_hidden_when_invisible":{},"minecraft:loot":{"table":"loot_tables/entities/catfish.json"},"minecraft:movement":{"value":0.1},"minecraft:movement.sway":{"sway_amplitude":0},"minecraft:nameable":{},"minecraft:navigation.generic":{"can_breach":false,"can_path_over_water":false,"can_sink":false,"can_swim":true,"can_walk":false,"is_amphibious":false},"minecraft:physics":{"has_gravity":false},"minecraft:pushable":{"is_pushable":true,"is_pushable_by_piston":true},"minecraft:scale":{"value":0.8},"minecraft:type_family":{"family":["fish","koi"]},"minecraft:underwater_movement":{"value":0.1}},"description":{"identifier":"id:koi","is_experimental":false,"is_spawnable":true,"is_summonable":true,"runtime_identifier":"minecraft:cod"},"events":{"despawn":{"add":{"component_groups":["despawn"]}},"minecraft:entity_spawned":{"randomize":[{"add":{"component_groups":["minecraft:kohaku"]},"weight":20},{"add":{"component_groups":["minecraft:sanke"]},"weight":20},{"add":{"component_groups":["minecraft:ogon"]},"weight":17},{"add":{"component_groups":["minecraft:tancho"]},"weight":18},{"add":{"component_groups":["minecraft:benigoi"]},"weight":16},{"add":{"component_groups":["minecraft:chagoi"]},"weight":16}]},"minecraft:sanke_spawned":{"add":{"component_groups":["minecraft:sanke"]}},"minecraft:spawn_benigoi":{"add":{"component_groups":["minecraft:benigoi"]}},"minecraft:spawn_chagoi":{"add":{"component_groups":["minecraft:chagoi"]}},"minecraft:spawn_kohaku":{"add":{"component_groups":["minecraft:kohaku"]}},"minecraft:spawn_ogon":{"add":{"component_groups":["minecraft:ogon"]}},"minecraft:spawn_tancho":{"add":{"component_groups":["minecraft:tancho"]}}}}}