{"format_version":"1.8.0","minecraft:entity":{"component_groups":{"adult":{"minecraft:attack":{"damage":4,"effect_duration":15,"effect_name":"poison"},"minecraft:behavior.breed":{"priority":3,"speed_multiplier":1},"minecraft:breedable":{"breedItems":["chicken","rabbit","suspicious_stew","beef","muttonRaw","porkchop"],"breedsWith":[{"babyType":"id:komodo_dragon","breed_event":{"event":"minecraft:entity_born","target":"baby"},"mateType":"id:komodo_dragon"}],"requireTame":false},"minecraft:experience_reward":{"on_death":"query.last_hit_by_player ? 5 : 0"},"minecraft:health":{"max":18,"value":18},"minecraft:type_family":{"family":["komodo","Reptiles","mob"]}},"adult_tamed":{"minecraft:attack":{"damage":6,"effect_duration":30,"effect_name":"poison"},"minecraft:behavior.breed":{"priority":3,"speed_multiplier":1},"minecraft:behavior.controlled_by_player":{"priority":0},"minecraft:behavior.hurt_by_target":{"priority":3},"minecraft:behavior.nearest_attackable_target":{"entity_types":[{"filters":{"any_of":[{"subject":"other","test":"is_family","value":"zombie_villager"},{"subject":"other","test":"is_family","value":"illager"},{"subject":"other","test":"is_family","value":"dummy"},{"subject":"other","test":"is_family","value":"goat"},{"subject":"other","test":"is_family","value":"cow"},{"subject":"other","test":"is_family","value":"zombie"}]},"max_dist":8,"must_see":false}],"must_reach":false,"must_see":false,"priority":3,"speed_multiplier":1.3,"within_radius":25},"minecraft:behavior.owner_hurt_by_target":{"priority":1},"minecraft:behavior.owner_hurt_target":{"priority":2},"minecraft:behavior.player_ride_tamed":{},"minecraft:behavior.stay_while_sitting":{"priority":1},"minecraft:can_power_jump":{},"minecraft:fall_damage":{"value":0},"minecraft:healable":{"items":[{"heal_amount":2,"item":"fish"},{"heal_amount":2,"item":"salmon"},{"heal_amount":1,"item":"clownfish"},{"heal_amount":5,"item":"cooked_rabbit"},{"heal_amount":5,"item":"rabbit"},{"heal_amount":5,"item":"chicken"},{"heal_amount":5,"item":"beef"},{"heal_amount":5,"item":"muttonRaw"},{"heal_amount":5,"item":"porkchop"},{"heal_amount":5,"item":"rotten_flesh"},{"heal_amount":5,"item":"cooked_beef"},{"heal_amount":5,"item":"muttonCooked"},{"heal_amount":5,"item":"cooked_porkchop"}]},"minecraft:health":{"max":20,"value":20},"minecraft:input_ground_controlled":{},"minecraft:is_tamed":{},"minecraft:rideable":{"crouching_skip_interact":true,"family_types":["player"],"interact_text":"Ride","seat_count":1,"seats":{"position":[0,0.63,0]}},"minecraft:sittable":{},"minecraft:type_family":{"family":["komodo_tamed","Reptiles","mob"]}},"baby":{"minecraft:ageable":{"duration":1200,"feed_items":["chicken","cooked_chicken","beef","cooked_beef","muttonRaw","muttonCooked","porkchop","cooked_porkchop","rabbit","cooked_rabbit"],"grow_up":{"event":"minecraft:ageable_grow_up","target":"self"}},"minecraft:attack":{"damage":4,"effect_duration":30,"effect_name":"poison"},"minecraft:behavior.avoid_mob_type":{"entity_types":[{"filters":{"subject":"other","test":"is_family","value":"komodo_wild"},"max_dist":15,"sprint_speed_multiplier":1.38,"walk_speed_multiplier":0.8},{"filters":{"subject":"other","test":"is_family","value":"player"},"max_dist":15,"sprint_speed_multiplier":1.38,"walk_speed_multiplier":0.8},{"filters":{"subject":"other","test":"is_family","value":"tiger"},"max_dist":15,"sprint_speed_multiplier":1.38,"walk_speed_multiplier":0.8}],"priority":6},"minecraft:behavior.hurt_by_target":{"priority":3},"minecraft:experience_reward":{"on_death":"query.last_hit_by_player ? 2 : 0"},"minecraft:health":{"max":10,"value":10},"minecraft:is_baby":{},"minecraft:scale":{"value":0.5},"minecraft:tameable":{"probability":0.33,"tame_event":{"event":"minecraft:on_tame","target":"self"},"tameItems":["rotten_flesh"]},"minecraft:type_family":{"family":["komodo","Reptiles","mob","komodo_baby"]}},"baby_tamed":{"minecraft:ageable":{"duration":1200,"feed_items":["chicken","cooked_chicken","beef","cooked_beef","muttonRaw","muttonCooked","porkchop","cooked_porkchop","rabbit","cooked_rabbit"],"grow_up":{"event":"minecraft:tamed_grow_up","target":"self"}},"minecraft:attack":{"damage":5,"effect_duration":30,"effect_name":"poison"},"minecraft:behavior.follow_owner":{"priority":1,"speed_multiplier":1.25,"start_distance":8,"stop_distance":2},"minecraft:behavior.hurt_by_target":{"priority":3},"minecraft:behavior.owner_hurt_by_target":{"priority":1},"minecraft:behavior.owner_hurt_target":{"priority":2},"minecraft:behavior.stay_while_sitting":{"priority":1},"minecraft:healable":{"items":[{"heal_amount":2,"item":"fish"},{"heal_amount":2,"item":"salmon"},{"heal_amount":1,"item":"clownfish"},{"heal_amount":5,"item":"cooked_rabbit"},{"heal_amount":5,"item":"rabbit"},{"heal_amount":5,"item":"chicken"},{"heal_amount":5,"item":"beef"},{"heal_amount":5,"item":"muttonRaw"},{"heal_amount":5,"item":"porkchop"},{"heal_amount":5,"item":"rotten_flesh"},{"heal_amount":5,"item":"cooked_beef"},{"heal_amount":5,"item":"muttonCooked"},{"heal_amount":5,"item":"cooked_porkchop"}]},"minecraft:health":{"max":15,"value":15},"minecraft:is_baby":{},"minecraft:is_tamed":{},"minecraft:scale":{"value":0.5},"minecraft:sittable":{},"minecraft:type_family":{"family":["komodo_tamed","Reptiles","mob","komodo_baby"]}},"wild":{"minecraft:behavior.hurt_by_target":{"priority":3},"minecraft:behavior.nearest_attackable_target":{"entity_types":[{"filters":{"any_of":[{"subject":"other","test":"is_family","value":"player"},{"subject":"other","test":"is_family","value":"zombie_villager"},{"subject":"other","test":"is_family","value":"illager"},{"subject":"other","test":"is_family","value":"dummy"},{"subject":"other","test":"is_family","value":"goat"},{"subject":"other","test":"is_family","value":"chicken"},{"subject":"other","test":"is_family","value":"cow"},{"subject":"other","test":"is_family","value":"zombie"},{"subject":"other","test":"is_family","value":"sheep"},{"subject":"other","test":"is_family","value":"shepherd"},{"subject":"other","test":"is_family","value":"butcher"},{"subject":"other","test":"is_family","value":"baby_turtle"},{"subject":"other","test":"is_family","value":"monkey"},{"subject":"other","test":"is_family","value":"treeshrew"}]},"max_dist":8,"must_see":false}],"must_reach":false,"must_see":false,"priority":3,"speed_multiplier":1.2,"within_radius":25},"minecraft:health":{"max":18,"value":18},"minecraft:type_family":{"family":["komodo_wild","Reptiles","mob"]}}},"components":{"minecraft:balloonable":{},"minecraft:behavior.breed":{"priority":3,"speed_multiplier":1},"minecraft:behavior.float":{"priority":0},"minecraft:behavior.hurt_by_target":{"priority":3},"minecraft:behavior.look_at_player":{"look_distance":6,"priority":7,"probability":0.02},"minecraft:behavior.melee_attack":{"max_dist":3,"priority":2,"random_stop_interval":100,"reach_multiplier":1.4,"speed_multiplier":0.9,"target_dist":0,"track_target":false},"minecraft:behavior.mount_pathing":{"priority":2,"speed_multiplier":1.5,"target_dist":0,"track_target":true},"minecraft:behavior.owner_hurt_by_target":{"priority":1},"minecraft:behavior.owner_hurt_target":{"priority":2},"minecraft:behavior.random_look_around":{"priority":9},"minecraft:behavior.random_stroll":{"priority":6,"speed_multiplier":0.8},"minecraft:behavior.tempt":{"items":["wheat"],"priority":4,"speed_multiplier":1.25},"minecraft:breathable":{"suffocateTime":0,"totalSupply":15},"minecraft:breedable":{"breedItems":["chicken","rabbit","suspicious_stew"],"breedsWith":[{"babyType":"id:komodo_dragon","breed_event":{"event":"minecraft:entity_born","target":"baby"},"mateType":"id:komodo_dragon"}],"requireTame":false},"minecraft:can_climb":{},"minecraft:collision_box":{"height":0.7,"width":0.9},"minecraft:jump.static":{},"minecraft:leashable":{"hard_distance":6,"max_distance":10,"soft_distance":4},"minecraft:loot":{"table":"loot_tables/entities/id_komodo_dragon.json"},"minecraft:movement":{"value":0.45},"minecraft:movement.basic":{},"minecraft:nameable":{"allowNameTagRenaming":true,"alwaysShow":false},"minecraft:navigation.walk":{"avoid_damage_blocks":true,"avoid_water":true,"can_path_over_water":true},"minecraft:physics":{},"minecraft:scale":{"value":1},"minecraft:underwater_movement":{"value":0.06}},"description":{"identifier":"id:komodo_dragon","is_experimental":false,"is_spawnable":true,"is_summonable":true},"events":{"minecraft:ageable_grow_up":{"add":{"component_groups":["adult"]},"remove":{"component_groups":["baby"]}},"minecraft:entity_born":{"add":{"component_groups":["baby"]}},"minecraft:entity_spawned":{"randomize":[{"add":{"component_groups":["adult","wild"]},"weight":95},{"add":{"component_groups":["baby","wild"]},"weight":5}]},"minecraft:on_tame":{"add":{"component_groups":["baby_tamed"]},"remove":{"component_groups":["wild"]}},"minecraft:tamed_grow_up":{"add":{"component_groups":["adult_tamed","unsaddled"]},"remove":{"component_groups":["baby_tamed"]}}}}}