{"format_version":"1.18.10","minecraft:entity":{"component_groups":{"despawn":{"minecraft:instant_despawn":{}},"gift_for_owner":{"minecraft:behavior.drop_item_for":{"cooldown":0.15,"drop_item_chance":0.9,"entity_types":[{"filters":{"subject":"other","test":"is_family","value":"player"},"max_dist":6}],"goal_radius":1,"loot_table":"loot_tables/entities/loli_gift.json","max_head_look_at_height":10,"minimum_teleport_distance":2,"offering_distance":5,"on_drop_attempt":{"event":"minecraft:cat_gifted_owner","target":"self"},"priority":1,"search_count":0,"search_height":2,"search_range":5,"seconds_before_pickup":0,"speed_multiplier":1,"target_range":[5,5,5],"teleport_offset":[0,1,0],"time_of_day_range":[0.74999,0.8]}},"minecraft:default":{"minecraft:variant":{"value":0}},"tamed":{"minecraft:balloonable":{"mass":0.6},"minecraft:behavior.follow_owner":{"priority":4,"speed_multiplier":1.7,"start_distance":10,"stop_distance":2},"minecraft:behavior.ocelot_sit_on_block":{"priority":7,"speed_multiplier":1},"minecraft:behavior.pet_sleep_with_owner":{"goal_radius":1,"priority":2,"search_height":10,"search_radius":10,"speed_multiplier":1.5},"minecraft:behavior.stay_while_sitting":{"priority":3},"minecraft:behavior.tempt":{"items":["fish","salmon"],"priority":5,"speed_multiplier":0.5,"within_radius":16},"minecraft:health":{"max":20,"value":20},"minecraft:is_tamed":{},"minecraft:on_wake_with_owner":{"event":"minecraft:pet_slept_with_owner","target":"self"},"minecraft:sittable":{}},"wild":{"minecraft:behavior.avoid_mob_type":{"entity_types":[{"filters":{"subject":"other","test":"is_family","value":"player"},"max_dist":10,"sprint_speed_multiplier":1.33,"walk_speed_multiplier":0.8}],"priority":6},"minecraft:behavior.move_towards_dwelling_restriction":{"priority":7},"minecraft:behavior.tempt":{"can_get_scared":true,"items":["fish","salmon"],"priority":5,"speed_multiplier":0.5,"within_radius":16},"minecraft:health":{"max":10,"value":10},"minecraft:interact":[{"interact_text":"Catch","on_interact":{"event":"despawn","filters":{"all_of":[{"subject":"other","test":"is_family","value":"player"},{"domain":"hand","subject":"other","test":"has_equipment","value":"id:bag"}]}},"play_sounds":"armor.equip_leather","transform_to_item":"id:bagloli","use_item":true}],"minecraft:tameable":{"probability":0.55,"tame_event":{"event":"minecraft:on_tame","target":"self"},"tame_items":["honey_bottle"]}}},"components":{"minecraft:annotation.open_door":{},"minecraft:behavior.float":{"priority":0},"minecraft:behavior.look_at_player":{"priority":9},"minecraft:behavior.mount_pathing":{"priority":1,"speed_multiplier":1.25,"target_dist":0,"track_target":true},"minecraft:behavior.panic":{"priority":1,"speed_multiplier":1.25},"minecraft:behavior.random_stroll":{"priority":8,"speed_multiplier":0.8},"minecraft:breathable":{"suffocate_time":0,"total_supply":15},"minecraft:can_climb":{},"minecraft:collision_box":{"height":0.9,"width":0.5},"minecraft:conditional_bandwidth_optimization":{},"minecraft:damage_sensor":{"triggers":{"cause":"fall","deals_damage":false}},"minecraft:despawn":{"despawn_from_distance":{}},"minecraft:dweller":{"can_find_poi":false,"can_migrate":true,"dweller_role":"passive","dwelling_type":"village","first_founding_reward":0,"update_interval_base":60,"update_interval_variant":40},"minecraft:healable":{"items":[{"heal_amount":5,"item":"honey_bottle"},{"heal_amount":5,"item":"honey_comb"}]},"minecraft:hurt_on_condition":{"damage_conditions":[{"cause":"lava","damage_per_tick":4,"filters":{"operator":"==","subject":"self","test":"in_lava","value":true}}]},"minecraft:is_hidden_when_invisible":{},"minecraft:jump.static":{},"minecraft:leashable":{"hard_distance":6,"max_distance":10,"soft_distance":4},"minecraft:movement":{"value":0.3},"minecraft:movement.basic":{},"minecraft:nameable":{},"minecraft:navigation.walk":{"avoid_water":true,"can_open_doors":true,"can_pass_doors":true,"can_path_over_water":true},"minecraft:physics":{},"minecraft:pushable":{"is_pushable":true,"is_pushable_by_piston":true},"minecraft:type_family":{"family":["loli","mob","special"]}},"description":{"identifier":"id:loli","is_experimental":false,"is_spawnable":false,"is_summonable":true,"runtime_identifier":"minecraft:cat"},"events":{"bag:wild":{"add":{"component_groups":["wild","minecraft:default"]}},"despawn":{"add":{"component_groups":["despawn"]}},"minecraft:cat_gifted_owner":{"remove":{"component_groups":["gift_for_owner"]}},"minecraft:entity_spawned":{"add":{"component_groups":["wild","minecraft:default"]},"run_command":{"command":["function loli"]}},"minecraft:on_tame":{"add":{"component_groups":["tamed"]},"remove":{"component_groups":["wild"]}},"minecraft:pet_slept_with_owner":{"add":{"component_groups":["gift_for_owner"]}}}}}