{"format_version":"1.8.0","minecraft:entity":{"component_groups":{"minecraft:cow_adult":{"minecraft:behavior.breed":{"priority":3,"speed_multiplier":1}},"minecraft:cow_baby":{"minecraft:ageable":{"duration":1200,"feedItems":"wheat","grow_up":{"event":"minecraft:ageable_grow_up","target":"self"}},"minecraft:behavior.follow_parent":{"priority":6,"speed_multiplier":1.1},"minecraft:is_baby":{},"minecraft:scale":{"value":0.5}}},"components":{"minecraft:attack":{"damage":8},"minecraft:balloonable":{},"minecraft:behavior.breed":{"priority":3,"speed_multiplier":1},"minecraft:behavior.float":{"priority":0},"minecraft:behavior.follow_parent":{"priority":5,"speed_multiplier":1.1},"minecraft:behavior.hurt_by_target":{"priority":3},"minecraft:behavior.jump_to_block":{"cooldown_range":[20,30],"minimum_distance":1,"minimum_path_length":8,"priority":8,"scale_factor":0.6,"search_height":10,"search_width":10},"minecraft:behavior.look_at_player":{"look_distance":6,"priority":7,"probability":0.02},"minecraft:behavior.melee_attack":{"max_dist":3,"priority":2,"random_stop_interval":100,"reach_multiplier":1.4,"speed_multiplier":1,"target_dist":0,"track_target":false},"minecraft:behavior.mount_pathing":{"priority":2,"speed_multiplier":1.5,"target_dist":0,"track_target":true},"minecraft:behavior.nearest_attackable_target":{"entity_types":[{"filters":{"any_of":[{"subject":"other","test":"is_family","value":"dummy"}]},"max_dist":50,"must_see":false}],"must_reach":false,"must_see":false,"priority":3,"speed_multiplier":1,"within_radius":25},"minecraft:behavior.owner_hurt_by_target":{"priority":1},"minecraft:behavior.owner_hurt_target":{"priority":2},"minecraft:behavior.random_look_around":{"priority":9},"minecraft:behavior.random_stroll":{"priority":6,"speed_multiplier":0.8},"minecraft:behavior.tempt":{"items":["wheat"],"priority":4,"speed_multiplier":1.25},"minecraft:breathable":{"suffocateTime":0,"totalSupply":15},"minecraft:breedable":{"breedItems":["carrot","nether_wart"],"breedsWith":[{"babyType":"id:magmatort","breed_event":{"event":"minecraft:entity_born","target":"baby"},"mateType":"id:magmatort"}],"requireTame":false},"minecraft:can_climb":{},"minecraft:collision_box":{"height":1.5,"width":1.2},"minecraft:experience_reward":{"on_death":"query.last_hit_by_player ? 3 : 0"},"minecraft:fall_damage":{"value":0},"minecraft:fire_immune":true,"minecraft:flocking":{"block_distance":1,"block_weight":0.75,"breach_influence":7,"cohesion_threshold":1.5,"cohesion_weight":2.25,"goal_weight":2,"high_flock_limit":8,"in_water":false,"influence_radius":3,"innner_cohesion_threshold":1.5,"loner_chance":0.1,"low_flock_limit":4,"match_variants":false,"max_height":4,"min_height":4,"separation_threshold":0.15,"separation_weight":0.65,"use_center_of_mass":false},"minecraft:health":{"max":50,"value":50},"minecraft:jump.static":{},"minecraft:lava_movement":{"value":0.32},"minecraft:leashable":{"hard_distance":6,"max_distance":10,"soft_distance":4},"minecraft:loot":{"table":"loot_tables/entities/id_magmatort.json"},"minecraft:movement":{"value":0.29},"minecraft:movement.basic":{},"minecraft:nameable":{"allowNameTagRenaming":true,"alwaysShow":false},"minecraft:navigation.walk":{"avoid_damage_blocks":true,"avoid_water":true,"can_path_over_water":true},"minecraft:on_death":{"event":"on:death","target":"self"},"minecraft:on_hurt":{"event":"on:hurt","target":"self"},"minecraft:on_hurt_by_player":{"event":"on:hurt_by_player","target":"self"},"minecraft:on_ignite":{"event":"on:ignite","target":"self"},"minecraft:on_target_acquired":{"event":"on:target_acquired","target":"self"},"minecraft:on_target_escape":{"event":"on:target_escape","target":"self"},"minecraft:on_wake_with_owner":{"event":"on:wake_with_owner","target":"self"},"minecraft:physics":{},"minecraft:scale":{"value":1},"minecraft:type_family":{"family":["magmatort","tortoise","mob"]},"minecraft:underwater_movement":{"value":0.09}},"description":{"identifier":"id:magmatort","is_experimental":false,"is_spawnable":true,"is_summonable":true},"events":{"minecraft:ageable_grow_up":{"add":{"component_groups":["minecraft:cow_adult"]},"remove":{"component_groups":["minecraft:cow_baby"]}},"minecraft:entity_born":{"add":{"component_groups":["minecraft:cow_baby"]}},"minecraft:entity_spawned":{"randomize":[{"add":{"component_groups":["minecraft:cow_adult"]},"weight":95},{"add":{"component_groups":["minecraft:cow_baby"]},"weight":5}]},"minecraft:entity_transformed":{"add":{"component_groups":["minecraft:cow_adult"]},"remove":{}},"on:death":{"run_command":{"command":[]}},"on:hurt":{"run_command":{"command":[]}},"on:hurt_by_player":{"run_command":{"command":[]}},"on:ignite":{"run_command":{"command":[]}},"on:target_acquired":{"run_command":{"command":[]}},"on:target_escape":{"run_command":{"command":[]}},"on:wake_with_owner":{"run_command":{"command":[]}}}}}