{"format_version":"1.8.0","minecraft:entity":{"component_groups":{"despawn":{"minecraft:instant_despawn":{}}},"components":{"minecraft:behavior.random_swim":{"interval":0,"priority":3,"speed_multiplier":1,"xz_dist":16,"y_dist":4},"minecraft:behavior.swim_idle":{"priority":5},"minecraft:behavior.swim_wander":{"interval":10,"look_ahead":2,"priority":4,"speed_multiplier":1},"minecraft:breathable":{"breathesAir":false,"breathesWater":true,"suffocateTime":0,"totalSupply":15},"minecraft:collision_box":{"height":0.3,"width":0.6},"minecraft:experience_reward":{"on_death":"query.last_hit_by_player ? 3 : 0"},"minecraft:health":{"max":6,"value":6},"minecraft:loot":{"table":"loot_tables/entities/nautilus.json"},"minecraft:movement":{"value":0.1},"minecraft:movement.sway":{"sway_amplitude":0},"minecraft:nameable":{"allowNameTagRenaming":true,"alwaysShow":false},"minecraft:navigation.generic":{"can_breach":false,"can_path_over_water":false,"can_sink":false,"can_swim":true,"can_walk":false,"is_amphibious":false},"minecraft:physics":{},"minecraft:scale":{"value":1},"minecraft:type_family":{"family":["nautilus","mollusk","cephalopod"]},"minecraft:underwater_movement":{"value":0.2}},"description":{"identifier":"id:nautilus","is_experimental":false,"is_spawnable":true,"is_summonable":true},"events":{"despawn":{"add":{"component_groups":["despawn"]}}}}}