{"format_version":"1.8.0","minecraft:entity":{"component_groups":{},"components":{"minecraft:attack":{"damage":3},"minecraft:behavior.float":{"priority":0},"minecraft:behavior.float_wander":{"must_reach":true,"priority":2},"minecraft:behavior.hurt_by_target":{"priority":3},"minecraft:behavior.melee_attack":{"max_dist":3,"priority":2,"random_stop_interval":100,"reach_multiplier":1.4,"speed_multiplier":1,"target_dist":0,"track_target":false},"minecraft:behavior.nearest_attackable_target":{"entity_types":[{"filters":{"any_of":[{"subject":"other","test":"is_family","value":"goat"},{"subject":"other","test":"is_family","value":"cat"},{"subject":"other","test":"is_family","value":"rabbit"},{"subject":"other","test":"is_family","value":"sheep"}]},"max_dist":40,"must_see":false}],"must_reach":false,"must_see":false,"priority":3,"speed_multiplier":1,"within_radius":25},"minecraft:behavior.owner_hurt_by_target":{"priority":1},"minecraft:behavior.owner_hurt_target":{"priority":2},"minecraft:behavior.panic":{"speed_multiplier":1.25},"minecraft:behavior.player_ride_tamed":{"speed_multiplier":0},"minecraft:behavior.random_hover":{"hover_height":[1,4],"interval":1,"priority":12,"xz_dist":8,"y_dist":8,"y_offset":-1},"minecraft:behavior.ranged_attack":{"attack_interval_max":3,"attack_interval_min":1,"attack_radius":15,"burst_interval":0.5,"burst_shots":1},"minecraft:breathable":{"breathesAir":true,"breathesWater":true,"generatesBubbles":false,"suffocateTime":-1,"totalSupply":15},"minecraft:can_fly":{},"minecraft:collision_box":{"height":0.4,"width":0.4},"minecraft:experience_reward":{"on_death":"query.last_hit_by_player ? 10 : 0"},"minecraft:fall_damage":{"value":0},"minecraft:health":{"max":10,"value":10},"minecraft:input_ground_controlled":{},"minecraft:is_saddled":{},"minecraft:jump.static":{},"minecraft:movement":{"value":0.1},"minecraft:movement.basic":{},"minecraft:movement.hover":{},"minecraft:nameable":{"allowNameTagRenaming":false,"alwaysShow":false},"minecraft:navigation.float":{"can_float":true,"can_path_over_water":true},"minecraft:on_death":{"event":"on:death","target":"self"},"minecraft:on_hurt":{"event":"on:hurt","target":"self"},"minecraft:on_hurt_by_player":{"event":"on:hurt_by_player","target":"self"},"minecraft:on_ignite":{"event":"on:ignite","target":"self"},"minecraft:on_target_acquired":{"event":"on:target_acquired","target":"self"},"minecraft:on_target_escape":{"event":"on:target_escape","target":"self"},"minecraft:on_wake_with_owner":{"event":"on:wake_with_owner","target":"self"},"minecraft:physics":{},"minecraft:scale":{"value":1.7},"minecraft:shooter":{"def":"minecraft:small_fireball","type":"Small Fireball"},"minecraft:type_family":{"family":["Reptiles","mob"]},"minecraft:underwater_movement":{"value":0.02}},"description":{"identifier":"id:niodragon","is_experimental":false,"is_spawnable":true,"is_summonable":true,"runtime_identifier":"minecraft:bee"},"events":{"on:death":{"run_command":{"command":[]}},"on:hurt":{"run_command":{"command":[]}},"on:hurt_by_player":{"run_command":{"command":[]}},"on:ignite":{"run_command":{"command":[]}},"on:target_acquired":{"run_command":{"command":[]}},"on:target_escape":{"run_command":{"command":[]}},"on:wake_with_owner":{"run_command":{"command":[]}}}}}