{"format_version":"1.8.0","minecraft:entity":{"component_groups":{"axolotl_dried":{"minecraft:damage_over_time":{"damage_per_hurt":1,"time_between_hurt":0}},"axolotl_in_water":{"minecraft:environment_sensor":{"triggers":[{"event":"start_drying_out","filters":{"operator":"!=","test":"in_water","value":true}}]}},"axolotl_on_land":{"minecraft:drying_out_timer":{"dried_out_event":{"event":"dried_out"},"recover_after_dried_out_event":{"event":"recover_after_dried_out"},"stopped_drying_out_event":{"event":"stop_drying_out"},"total_time":300,"water_bottle_refill_time":90}},"axolotl_on_land_in_rain":{"minecraft:environment_sensor":{"triggers":[{"event":"start_drying_out","filters":{"operator":"!=","test":"in_water_or_rain","value":true}},{"event":"enter_water","filters":{"operator":"==","test":"in_water","value":true}}]}},"despawn":{"minecraft:instant_despawn":{}},"minecraft:blue":{"minecraft:interact":[{"interact_text":"Catch","on_interact":{"event":"despawn","filters":{"all_of":[{"subject":"other","test":"is_family","value":"player"},{"domain":"hand","subject":"other","test":"has_equipment","value":"water_bucket"}]}},"play_sounds":"bucket.fill_fish","transform_to_item":"id:bucket_blueoctopus","use_item":true}],"minecraft:variant":{"value":1}},"minecraft:bluering":{"minecraft:interact":[{"interact_text":"Catch","on_interact":{"event":"despawn","filters":{"all_of":[{"subject":"other","test":"is_family","value":"player"},{"domain":"hand","subject":"other","test":"has_equipment","value":"water_bucket"}]}},"play_sounds":"bucket.fill.fish","transform_to_item":"id:bucket_blueringoctopus","use_item":true}],"minecraft:mob_effect":{"effect_range":0.4,"effect_time":10,"entity_filter":{"any_of":[{"subject":"other","test":"is_family","value":"player"},{"subject":"other","test":"is_family","value":"monster"},{"subject":"other","test":"is_family","value":"id:dummy"},{"subject":"other","test":"is_family","value":"id:grey_reefshark"},{"subject":"other","test":"is_family","value":"id:blacktip_reefshark"},{"subject":"other","test":"is_family","value":"id:crab"}]},"mob_effect":"poison"},"minecraft:variant":{"value":2}},"minecraft:normal":{"minecraft:interact":[{"interact_text":"Catch","on_interact":{"event":"despawn","filters":{"all_of":[{"subject":"other","test":"is_family","value":"player"},{"domain":"hand","subject":"other","test":"has_equipment","value":"water_bucket"}]}},"play_sounds":"bucket.fill.fish","transform_to_item":"id:bucket_octopus","use_item":true}],"minecraft:variant":{"value":0}},"minecraft:sand":{"minecraft:interact":[{"interact_text":"Catch","on_interact":{"event":"despawn","filters":{"all_of":[{"subject":"other","test":"is_family","value":"player"},{"domain":"hand","subject":"other","test":"has_equipment","value":"water_bucket"}]}},"play_sounds":"bucket.fill.fish","transform_to_item":"id:bucket_sandoctopus","use_item":true}],"minecraft:variant":{"value":3}}},"components":{"minecraft:annotation.open_door":{},"minecraft:balloonable":{},"minecraft:behavior.flee_sun":{"priority":5,"speed_multiplier":3},"minecraft:behavior.follow_parent":{"priority":5,"speed_multiplier":1.1},"minecraft:behavior.look_at_player":{"look_distance":6,"priority":7,"probability":0.02},"minecraft:behavior.mount_pathing":{"priority":2,"speed_multiplier":1.5,"target_dist":0,"track_target":true},"minecraft:behavior.move_to_water":{"goal_radius":0.1,"priority":6,"search_count":1,"search_height":5,"search_range":16},"minecraft:behavior.panic":{"priority":1,"speed_multiplier":1.29},"minecraft:behavior.random_look_around":{"priority":9},"minecraft:behavior.random_stroll":{"priority":6,"speed_multiplier":0.8},"minecraft:behavior.squid_flee":{"priority":2},"minecraft:behavior.tempt":{"items":["wheat"],"priority":4,"speed_multiplier":1.25},"minecraft:can_climb":{},"minecraft:collision_box":{"height":0.4,"width":0.5},"minecraft:experience_reward":{"on_death":"query.last_hit_by_player ? 2 : 0"},"minecraft:fall_damage":{"value":0},"minecraft:health":{"max":10,"value":10},"minecraft:jump.static":{},"minecraft:leashable":{"hard_distance":6,"max_distance":10,"soft_distance":4},"minecraft:loot":{"table":"loot_tables/entities/squid.json"},"minecraft:movement":{"value":0.25},"minecraft:movement.basic":{},"minecraft:nameable":{"allowNameTagRenaming":true,"alwaysShow":false},"minecraft:navigation.walk":{"avoid_damage_blocks":true,"avoid_water":false,"can_open_doors":true,"can_path_over_water":false},"minecraft:physics":{},"minecraft:type_family":{"family":["mob","octopus","mollusks","cephalopod"]},"minecraft:underwater_movement":{"value":0.1}},"description":{"identifier":"id:octopus","is_experimental":false,"is_spawnable":true,"is_summonable":true},"events":{"despawn":{"add":{"component_groups":["despawn"]}},"dried_out":{"add":{"component_groups":["axolotl_dried"]}},"enter_water":{"add":{"component_groups":["axolotl_in_water"]},"remove":{"component_groups":["axolotl_on_land","axolotl_on_land_in_rain","axolotl_dried"]}},"minecraft:entity_spawned":{"randomize":[{"add":{"component_groups":["minecraft:normal"]},"weight":22},{"add":{"component_groups":["minecraft:blue"]},"weight":22},{"add":{"component_groups":["minecraft:bluering"]},"weight":21},{"add":{"component_groups":["minecraft:sand"]},"weight":22}]},"minecraft:spawn_blue":{"add":{"component_groups":["minecraft:blue"]}},"minecraft:spawn_bluering":{"add":{"component_groups":["minecraft:bluering"]}},"minecraft:spawn_normal":{"add":{"component_groups":["minecraft:normal"]}},"minecraft:spawn_sand":{"add":{"component_groups":["minecraft:sand"]}},"recover_after_dried_out":{"remove":{"component_groups":["axolotl_dried"]}},"start_drying_out":{"add":{"component_groups":["axolotl_on_land"]},"remove":{"component_groups":["axolotl_on_land_in_rain","axolotl_in_water"]}},"stop_drying_out":{"add":{"component_groups":["axolotl_on_land_in_rain"]},"remove":{"component_groups":["axolotl_on_land","axolotl_dried"]}}}}}