{"format_version":"1.8.0","minecraft:entity":{"component_groups":{"adult":{"minecraft:attack":{"damage":6},"minecraft:behavior.breed":{"priority":3,"speed_multiplier":1},"minecraft:behavior.hurt_by_target":{"priority":3},"minecraft:behavior.melee_attack":{"max_dist":3,"priority":2,"random_stop_interval":100,"reach_multiplier":1.4,"speed_multiplier":1,"target_dist":0,"track_target":true},"minecraft:behavior.move_to_block":{"goal_radius":1,"priority":2,"search_height":8,"search_range":8,"speed_multiplier":1.2,"start_chance":0.5,"stay_duration":5,"target_blocks":["minecraft:melon_block","minecraft:melon_blocks","minecraft:cocoa"],"target_offset":[0,1,0],"target_selection_method":"random","tick_interval":1},"minecraft:break_blocks":{"breakable_blocks":["melon_block","melon_blocks","cocoa_bean","cocoabean"]},"minecraft:breedable":{"breedItems":["apple","melon"],"breedsWith":[{"babyType":"id:orangutan","breed_event":{"event":"minecraft:entity_born","target":"baby"},"mateType":"id:orangutan"}],"requireTame":false},"minecraft:health":{"max":15,"value":15}},"baby":{"minecraft:ageable":{"duration":1200,"feed_items":["sweet_berries","wheat","melon","apple"],"grow_up":{"event":"minecraft:ageable_grow_up","target":"self"}},"minecraft:behavior.follow_parent":{"priority":6,"speed_multiplier":1.2},"minecraft:behavior.panic":{"priority":1,"speed_multiplier":1.26},"minecraft:health":{"max":8,"value":8},"minecraft:is_baby":{},"minecraft:scale":{"value":0.5}}},"components":{"minecraft:annotation.open_door":{},"minecraft:balloonable":{},"minecraft:behavior.eat_carried_item":{"delay_before_eating":5,"priority":12},"minecraft:behavior.equip_item":{"priority":2},"minecraft:behavior.float":{"priority":0},"minecraft:behavior.jump_to_block":{"cooldown_range":[10,15],"minimum_distance":1,"minimum_path_length":8,"priority":8,"scale_factor":0.6,"search_height":2,"search_width":5},"minecraft:behavior.look_at_player":{"look_distance":6,"priority":7,"probability":0.02},"minecraft:behavior.mount_pathing":{"priority":2,"speed_multiplier":1.5,"target_dist":0,"track_target":true},"minecraft:behavior.pickup_items":{"goal_radius":2,"max_dist":5,"priority":11,"speed_multiplier":0.5},"minecraft:behavior.random_look_around":{"priority":9},"minecraft:behavior.random_look_around_and_sit":{"max_look_count":5,"max_look_time":100,"min_look_count":2,"min_look_time":80,"priority":12,"probability":0.002},"minecraft:behavior.random_stroll":{"priority":6,"speed_multiplier":0.8},"minecraft:behavior.tempt":{"items":["wheat"],"priority":4,"speed_multiplier":1.25},"minecraft:breathable":{"suffocateTime":0,"totalSupply":15},"minecraft:can_climb":{},"minecraft:collision_box":{"height":1.2,"width":1},"minecraft:equip_item":{},"minecraft:experience_reward":{"on_death":"query.last_hit_by_player ? 1 : 0"},"minecraft:fall_damage":{"value":0},"minecraft:jump.static":{},"minecraft:leashable":{"hard_distance":6,"max_distance":10,"soft_distance":4},"minecraft:lookat":{"allow_invulnerable":false,"filters":{"test":"has_target"},"look_cooldown":[15,25],"search_radius":8,"set_target":true},"minecraft:loot":{"table":"loot_tables/entities/noloot.json"},"minecraft:movement":{"value":0.36},"minecraft:movement.basic":{},"minecraft:nameable":{"allowNameTagRenaming":true,"alwaysShow":false},"minecraft:navigation.climb":{"avoid_damage_blocks":true,"avoid_water":true,"can_float":true,"can_open_doors":true,"can_pass_doors":false,"can_path_over_water":true},"minecraft:physics":{},"minecraft:scale":{"value":1},"minecraft:shareables":{"all_items":true,"all_items_max_amount":1,"items":[{"item":"minecraft:apple","max_amount":1,"priority":0},{"item":"minecraft:appleEnchanted","max_amount":1,"priority":0},{"item":"minecraft:baked_potato","max_amount":1,"priority":0},{"item":"minecraft:beetroot","max_amount":1,"priority":0},{"item":"minecraft:beetroot_soup","max_amount":1,"priority":0},{"item":"minecraft:bread","max_amount":1,"priority":0},{"item":"minecraft:carrot","max_amount":1,"priority":0},{"item":"minecraft:chorus_fruit","max_amount":1,"priority":0},{"item":"minecraft:golden_apple","max_amount":1,"priority":0},{"item":"minecraft:golden_carrot","max_amount":1,"priority":0},{"item":"minecraft:melon","max_amount":1,"priority":0},{"item":"minecraft:mushroom_stew","max_amount":1,"priority":0},{"item":"minecraft:poisonous_potato","max_amount":1,"priority":0},{"item":"minecraft:potato","max_amount":1,"priority":0},{"item":"minecraft:pumpkin_pie","max_amount":1,"priority":0},{"item":"minecraft:spider_eye","max_amount":1,"priority":0},{"item":"minecraft:sweet_berries","max_amount":1,"priority":0},{"item":"minecraft:glow_berries","max_amount":1,"priority":0},{"item":"minecraft:suspicious_stew","max_amount":1,"priority":0},{"item":"minecraft:cocoa_bean","max_amount":1,"priority":0},{"item":"minecraft:cocoabean","max_amount":1,"priority":0}]},"minecraft:type_family":{"family":["orangutan","apes","mob"]},"minecraft:underwater_movement":{"value":0.06}},"description":{"identifier":"id:orangutan","is_experimental":false,"is_spawnable":true,"is_summonable":true},"events":{"minecraft:ageable_grow_up":{"add":{"component_groups":["adult"]},"remove":{"component_groups":["baby"]}},"minecraft:entity_born":{"add":{"component_groups":["baby"]}},"minecraft:entity_spawned":{"randomize":[{"add":{"component_groups":["adult"]},"weight":95},{"add":{"component_groups":["baby"]},"weight":5}]},"minecraft:entity_transformed":{"add":{"component_groups":["adult"]},"remove":{}}}}}