{"format_version":"1.8.0","minecraft:entity":{"components":{"minecraft:attack":{"damage":14},"minecraft:behavior.hurt_by_target":{"priority":3},"minecraft:behavior.leap_at_target":{"must_be_on_ground":false,"priority":4,"speed_multiplier":1,"target_dist":0.8,"yd":0.6},"minecraft:behavior.melee_attack":{"max_dist":5,"priority":2,"random_stop_interval":100,"reach_multiplier":2.1,"speed_multiplier":1.8,"target_dist":0,"track_target":false},"minecraft:behavior.move_to_water":{"priority":1,"search_height":5,"search_range":15},"minecraft:behavior.nearest_attackable_target":{"entity_types":[{"filters":{"any_of":[{"subject":"other","test":"is_family","value":"sealion"},{"subject":"other","test":"is_family","value":"shark"},{"subject":"other","test":"is_family","value":"dummy"}]},"max_dist":28,"must_see":false}],"must_reach":false,"must_see":false,"priority":3,"speed_multiplier":1,"within_radius":25},"minecraft:behavior.owner_hurt_by_target":{"priority":1},"minecraft:behavior.owner_hurt_target":{"priority":2},"minecraft:behavior.random_swim":{"interval":0,"priority":3,"speed_multiplier":1,"xz_dist":16,"y_dist":4},"minecraft:behavior.swim_idle":{"priority":5},"minecraft:behavior.swim_wander":{"interval":10,"look_ahead":2,"priority":4,"speed_multiplier":1},"minecraft:break_blocks":{"breakable_blocks":["ice","packed_ice","blue_ice"]},"minecraft:breathable":{"breathes_air":true,"breathes_water":false,"generates_bubbles":false,"suffocate_time":15,"total_supply":240},"minecraft:collision_box":{"height":1.9,"width":1.2},"minecraft:combat_regeneration":{},"minecraft:experience_reward":{"on_death":"query.last_hit_by_player ? 2 : 0"},"minecraft:fall_damage":{"value":0},"minecraft:flocking":{"block_distance":1,"block_weight":0,"breach_influence":0,"cohesion_threshold":6.5,"cohesion_weight":1.85,"goal_weight":2,"high_flock_limit":8,"in_water":false,"influence_radius":6,"innner_cohesion_threshold":3.5,"loner_chance":0.1,"low_flock_limit":4,"match_variants":false,"max_height":4,"min_height":4,"separation_threshold":3,"separation_weight":1.75,"use_center_of_mass":false},"minecraft:health":{"max":30,"value":30},"minecraft:loot":{"table":"loot_tables/entities/id_orca.json"},"minecraft:movement":{"value":0.2},"minecraft:movement.sway":{"sway_amplitude":0},"minecraft:nameable":{"allowNameTagRenaming":true,"alwaysShow":false},"minecraft:navigation.generic":{"can_breach":true,"can_path_over_water":true,"can_sink":false,"can_swim":true,"can_walk":false,"is_amphibious":true},"minecraft:physics":{},"minecraft:scale":{"value":1.2},"minecraft:type_family":{"family":["orca","dolphin"]},"minecraft:underwater_movement":{"value":0.3}},"description":{"identifier":"id:orca","is_experimental":false,"is_spawnable":true,"is_summonable":true},"events":{}}}