{"format_version":"1.8.0","minecraft:entity":{"component_groups":{"minecraft:ostrich_adult":{"minecraft:behavior.breed":{"priority":3,"speed_multiplier":1},"minecraft:breedable":{"breedItems":["beetroot_seeds","carrot","wheat_seeds"],"breedsWith":[{"babyType":"id:ostrich","breed_event":{"event":"minecraft:entity_born","target":"baby"},"mateType":"id:ostrich"}],"requireTame":false},"minecraft:type_family":{"family":["ostrich","bird","mob","ostrich_adult"]}},"minecraft:ostrich_baby":{"minecraft:ageable":{"duration":1200,"feed_items":["wheat_seeds","beetroot_seeds","melon_seeds","pumpkin_seeds"],"grow_up":{"event":"minecraft:ageable_grow_up","target":"self"}},"minecraft:behavior.follow_parent":{"priority":6,"speed_multiplier":1.1},"minecraft:is_baby":{},"minecraft:scale":{"value":0.8}},"minecraft:ostrich_saddled":{"minecraft:can_power_jump":{},"minecraft:input_ground_controlled":{},"minecraft:is_saddled":{}},"minecraft:ostrich_tame":{"minecraft:attack":{"damage":8},"minecraft:behavior.breed":{"priority":2,"speed_multiplier":1},"minecraft:behavior.follow_owner":{"priority":6,"speed_multiplier":1,"start_distance":10,"stop_distance":2},"minecraft:behavior.nearest_attackable_target":{"entity_types":[{"filters":{"subject":"other","test":"is_family","value":"skeleton"},"max_dist":16}],"must_see":true,"priority":5},"minecraft:behavior.nearest_attackable_target":{"entity_types":[{"filters":{"any_of":[{"subject":"other","test":"is_family","value":"spider"},{"subject":"other","test":"is_family","value":"zombie"},{"subject":"other","test":"is_family","value":"dummy"}]},"max_dist":27,"must_see":false}],"must_reach":false,"must_see":false,"priority":3,"speed_multiplier":1,"within_radius":27},"minecraft:behavior.owner_hurt_by_target":{"priority":1},"minecraft:behavior.owner_hurt_target":{"priority":2},"minecraft:behavior.player_ride_tamed":{},"minecraft:behavior.stay_while_sitting":{"priority":1},"minecraft:breedable":{"breedItems":["beetroot_seeds","carrot","wheat_seeds"],"breedsWith":[{"babyType":"id:ostrich","breed_event":{"event":"minecraft:entity_born","target":"baby"},"mateType":"id:ostrich"}],"requireTame":false},"minecraft:can_power_jump":{},"minecraft:equippable":{"slots":[{"accepted_items":["saddle"],"item":"saddle","on_equip":{"event":"minecraft:ostrich_saddled"},"on_unequip":{"event":"minecraft:ostrich_unsaddled"},"slot":0}]},"minecraft:fall_damage":{"value":0},"minecraft:healable":{"items":[{"heal_amount":2,"item":"fish"},{"heal_amount":2,"item":"salmon"},{"heal_amount":1,"item":"clownfish"},{"heal_amount":4,"item":"wheat_seeds"},{"heal_amount":3,"item":"pumkin_seeds"},{"heal_amount":5,"item":"cooked_rabbit"},{"heal_amount":10,"item":"beetroot_seeds"}]},"minecraft:health":{"max":20,"value":20},"minecraft:is_tamed":{},"minecraft:leashable":{"hard_distance":6,"max_distance":10,"on_leash":{"event":"minecraft:on_leash","target":"self"},"on_unleash":{"event":"minecraft:on_unleash","target":"self"},"soft_distance":4},"minecraft:rideable":{"family_types":["player"],"interact_text":"Ride","pull_in_entities":true,"seat_count":1,"seats":[{"position":[0,1.5,-0.2]}]},"minecraft:sittable":{},"minecraft:type_family":{"family":["ostrich_tame","bird","mob"]}},"minecraft:ostrich_wild":{"minecraft:attack":{"damage":7},"minecraft:behavior.nearest_attackable_target":{"entity_types":[{"filters":{"any_of":[{"subject":"other","test":"is_family","value":"illager"},{"subject":"other","test":"is_family","value":"zombie"},{"subject":"other","test":"is_family","value":"dummy"}]},"max_dist":15,"must_see":false}],"must_reach":false,"must_see":false,"priority":3,"speed_multiplier":1,"within_radius":25},"minecraft:tameable":{"probability":0.33,"tame_event":{"event":"minecraft:on_tame","target":"self"},"tameItems":["fish","potato","salmon"]}}},"components":{"minecraft:addrider":{},"minecraft:attack":{"damage":7},"minecraft:balloonable":{},"minecraft:behavior.avoid_mob_type":{"entity_types":[{"filters":{"other_with_families":["creeper"]},"max_dist":6,"sprint_speed_multiplier":1.2,"walk_speed_multiplier":1}],"max_dist":6,"priority":3,"sneak_speed_multiplier":1,"sprint_speed_multiplier":1.2,"walk_speed_multiplier":1},"minecraft:behavior.breed":{"priority":3,"speed_multiplier":1},"minecraft:behavior.float":{"priority":0},"minecraft:behavior.follow_parent":{"priority":5,"speed_multiplier":1.1},"minecraft:behavior.hurt_by_target":{"priority":3},"minecraft:behavior.leap_at_target":{"must_be_on_ground":false,"priority":4,"speed_multiplier":1,"target_dist":0.4,"yd":0.4},"minecraft:behavior.look_at_player":{"look_distance":6,"priority":7,"probability":0.02},"minecraft:behavior.melee_attack":{"max_dist":3,"priority":2,"random_stop_interval":100,"reach_multiplier":1.4,"speed_multiplier":1,"target_dist":0,"track_target":true},"minecraft:behavior.mount_pathing":{"priority":2,"speed_multiplier":1.5,"target_dist":0,"track_target":true},"minecraft:behavior.nearest_attackable_target":{"entity_types":[{"filters":{"any_of":[{"subject":"other","test":"is_family","value":"illager"},{"subject":"other","test":"is_family","value":"zombie"},{"subject":"other","test":"is_family","value":"dummy"}]},"max_dist":15,"must_see":false}],"must_reach":false,"must_see":false,"priority":3,"speed_multiplier":1,"within_radius":25},"minecraft:behavior.owner_hurt_by_target":{"priority":1},"minecraft:behavior.owner_hurt_target":{"priority":2},"minecraft:behavior.player_ride_tamed":{"speed_multiplier":1.5},"minecraft:behavior.random_look_around":{"priority":9},"minecraft:behavior.random_stroll":{"priority":6,"speed_multiplier":0.8},"minecraft:behavior.tempt":{"items":["wheat"],"priority":4,"speed_multiplier":1.25},"minecraft:breathable":{"suffocateTime":0,"totalSupply":15},"minecraft:can_climb":{},"minecraft:collision_box":{"height":1.5,"width":0.9},"minecraft:experience_reward":{"on_death":"query.last_hit_by_player ? 1 : 0"},"minecraft:health":{"max":20,"value":20},"minecraft:horse.jump_strength":{"value":{"range_max":1,"range_min":0.4}},"minecraft:input_ground_controlled":{},"minecraft:is_saddled":{},"minecraft:jump.static":{},"minecraft:leashable":{"hard_distance":6,"max_distance":10,"soft_distance":4},"minecraft:loot":{"table":"loot_tables/entities/id_ostrich.json"},"minecraft:movement":{"value":0.39},"minecraft:movement.basic":{},"minecraft:nameable":{"allowNameTagRenaming":true,"alwaysShow":false},"minecraft:navigation.walk":{"avoid_damage_blocks":true,"avoid_water":true,"can_path_over_water":true},"minecraft:on_death":{"event":"on:death","target":"self"},"minecraft:on_hurt":{"event":"on:hurt","target":"self"},"minecraft:on_hurt_by_player":{"event":"on:hurt_by_player","target":"self"},"minecraft:on_ignite":{"event":"on:ignite","target":"self"},"minecraft:on_target_acquired":{"event":"on:target_acquired","target":"self"},"minecraft:on_target_escape":{"event":"on:target_escape","target":"self"},"minecraft:on_wake_with_owner":{"event":"on:wake_with_owner","target":"self"},"minecraft:physics":{},"minecraft:scale":{"value":1},"minecraft:tameable":{"probability":0.33,"tame_event":{"event":"minecraft:on_tame","target":"self"},"tameItems":["beetroot","fish","potato"]},"minecraft:type_family":{"family":["ostrich","bird","mob"]},"minecraft:underwater_movement":{"value":0.02}},"description":{"identifier":"id:ostrich","is_experimental":false,"is_spawnable":true,"is_summonable":true},"events":{"minecraft:entity_born":{"add":{"component_groups":["minecraft:ostrich_baby"]}},"minecraft:entity_spawned":{"randomize":[{"add":{"component_groups":["minecraft:ostrich_adult"]},"weight":95},{"add":{"component_groups":["minecraft:ostrich_baby"]},"weight":5}]},"minecraft:entity_transformed":{"add":{"component_groups":["minecraft:ostrich_adult"]},"remove":{}},"minecraft:on_tame":{"add":{"component_groups":["minecraft:ostrich_tame"]},"remove":{"component_groups":["minecraft:ostrich_wild"]}},"minecraft:ostrich_saddled":{"add":{"component_groups":["minecraft:ostrich_saddled"]}},"minecraft:ostrich_unsaddled":{"remove":{"component_groups":["minecraft:ostrich_saddled"]}}}}}