{"minecraft:entity":{"component_groups":{"despawn":{"minecraft:instant_despawn":{}}},"components":{"minecraft:health":{"max":1,"value":1},"minecraft:timer":{"looping":false,"time":[0,0],"time_down_event":{"event":"say","target":"self"}}},"description":{"identifier":"id:algae","is_experimental":false,"is_spawnable":false,"is_summonable":true},"events":{"say":{"add":{"component_groups":["despawn"]},"run_command":{"command":["fill ~ ~ ~ ~ ~ ~ flowing_water 0 replace flowing_water","setblock ~ ~ ~ id:algae","tp @s ~180 ~180 ~180"]}}},"format_version":"1.16.0"}}