{"format_version":"1.11","minecraft:entity":{"component_groups":{"ammo:1":{"minecraft:mark_variant":{"value":1}},"id:magtonium_sword":{"minecraft:health":{"max":20,"value":20},"minecraft:movement":{"value":0.1},"minecraft:spell_effects":{"add_effects":[]}},"id:reptile_armor_event_play":{"minecraft:health":{"max":20,"value":20},"minecraft:movement":{"value":0.1},"minecraft:spell_effects":{"add_effects":[]}},"pamobile:respawn":{"minecraft:attack":{"damage":1},"minecraft:health":{"max":20,"value":20},"minecraft:mark_variant":{"value":99999},"minecraft:movement":{"value":0.1},"minecraft:spell_effects":{"remove_effects":[]}},"player_hurt":{"minecraft:type_family":{"family":["player","player_hurt"]}}},"components":{"minecraft:breathable":{"generatesBubbles":false,"inhaleTime":3.75,"suffocateTime":-1,"totalSupply":15},"minecraft:can_climb":{},"minecraft:collision_box":{"height":1.8,"width":0.6},"minecraft:environment_sensor":[{"on_environment":{"event":"pamobile:refresh_player","filters":{"any_of":[{"subject":"self","test":"is_family","value":"player"}]}}},{"on_environment":{"event":"id:magtonium_sword_event","filters":{"all_of":[{"domain":"hand","subject":"self","test":"has_equipment","value":"id:magtonium_sword"}]}}},{"on_environment":{"event":"id:reptile_armor_event_hold","filters":{"all_of":[{"domain":"hand","subject":"self","test":"has_equipment","value":"id:reptile_armor"}]}}},{"on_environment":{"event":"id:reptile_armor_event_play","filters":{"all_of":[{"domain":"head","subject":"self","test":"has_equipment","value":"id:reptile_armor"}]}}}],"minecraft:insomnia":{"days_until_insomnia":3},"minecraft:loot":{"table":"loot_tables/empty.json"},"minecraft:movement":{"value":0.1},"minecraft:nameable":{"allowNameTagRenaming":false,"alwaysShow":true},"minecraft:on_hurt":{"event":"on:hurt","target":"self"},"minecraft:physics":{},"minecraft:player.exhaustion":{"max":4,"value":0},"minecraft:player.experience":{"max":1,"value":0},"minecraft:player.level":{"max":24791,"value":0},"minecraft:player.saturation":{"value":20},"minecraft:rideable":{"family_types":["parrot_tame","toucan_tame","archaeopteryx_tamed"],"pull_in_entities":true,"seat_count":2,"seats":[{"lock_rider_rotation":0,"max_rider_count":0,"min_rider_count":0,"position":[0.4,-0.15,0.04]},{"lock_rider_rotation":0,"max_rider_count":2,"min_rider_count":1,"position":[-0.4,-0.15,0.04]}]},"minecraft:scaffolding_climber":{},"minecraft:type_family":{"family":["player"]}},"description":{"animations":{"id:reptile_armor":"controller.animation.id_reptile_armor","walk":"controller.animation.walk"},"identifier":"minecraft:player","is_experimental":false,"is_spawnable":false,"is_summonable":false,"scripts":{"animate":["walk","id:reptile_armor"]}},"events":{"ammo:1":{"add":{"component_groups":["ammo:1"]},"remove":{"component_groups":["ammo:1"]}},"ammo:2":{"add":{"component_groups":["ammo:2"]},"remove":{"component_groups":["ammo:2"]}},"id:magtonium_sword_event":{"add":{"component_groups":["id:magtonium_sword"]}},"id:reptile_armor_event_hold":{"add":{"component_groups":["id:reptile_armor_event_hold"]}},"id:reptile_armor_event_play":{"add":{"component_groups":["id:reptile_armor_event_play"]}},"minecraft:entity_spawned":{"add":{"component_groups":["pamobile:respawn"]},"remove":{}},"on:hurt":{"add":{"component_groups":["player_hurt"]}},"pamobile:refresh_player":{"add":{"component_groups":["pamobile:respawn"]},"remove":{"component_groups":["id:magtonium_sword","id:reptile_armor_event_hold","id:reptile_armor_event_play"]}}}}}