{"format_version":"1.8.0","minecraft:entity":{"component_groups":{"despawn":{"minecraft:instant_despawn":{}},"scale_large":{"minecraft:behavior.eat_block":{"eat_and_replace_block_pairs":[{"eat_block":"moss_block","replace_block":"dirt"},{"eat_block":"moss_carpet","replace_block":"air"},{"eat_block":"mossy_cobblestone","replace_block":"cobblestone"},{"eat_block":"mossy_cobblestone_slab","replace_block":"cobblestone_slab"},{"eat_block":"seagrass","replace_block":"air"},{"eat_block":"mossy_stone_bricks_slab","replace_block":"stone_bricks_slab"},{"eat_block":"mossy_stone_bricks","replace_block":"stone_bricks"}],"on_eat":{"event":"minecraft:on_eat_block","target":"self"},"priority":2,"success_chance":"query.is_baby ? 0.02 : 0.001","time_until_eat":1.8},"minecraft:health":{"max":12,"value":12},"minecraft:scale":{"value":1.2},"minecraft:underwater_movement":{"value":0.05}},"scale_normal":{"minecraft:behavior.eat_block":{"eat_and_replace_block_pairs":[{"eat_block":"moss_block","replace_block":"dirt"},{"eat_block":"moss_carpet","replace_block":"air"},{"eat_block":"mossy_cobblestone","replace_block":"cobblestone"},{"eat_block":"mossy_cobblestone_slab","replace_block":"cobblestone_slab"},{"eat_block":"seagrass","replace_block":"air"},{"eat_block":"mossy_stone_bricks_slab","replace_block":"stone_bricks_slab"},{"eat_block":"mossy_stone_bricks","replace_block":"stone_bricks"}],"on_eat":{"event":"minecraft:on_eat_block","target":"self"},"priority":2,"success_chance":"query.is_baby ? 0.02 : 0.001","time_until_eat":1.8},"minecraft:health":{"max":11,"value":11},"minecraft:scale":{"value":1},"minecraft:underwater_movement":{"value":0.05}},"scale_small":{"minecraft:behavior.eat_block":{"eat_and_replace_block_pairs":[{"eat_block":"moss_block","replace_block":"dirt"},{"eat_block":"moss_carpet","replace_block":"air"},{"eat_block":"mossy_cobblestone","replace_block":"cobblestone"},{"eat_block":"mossy_cobblestone_slab","replace_block":"cobblestone_slab"},{"eat_block":"seagrass","replace_block":"air"},{"eat_block":"mossy_stone_bricks_slab","replace_block":"stone_bricks_slab"},{"eat_block":"mossy_stone_bricks","replace_block":"stone_bricks"}],"on_eat":{"event":"minecraft:on_eat_block","target":"self"},"priority":2,"success_chance":"query.is_baby ? 0.02 : 0.001","time_until_eat":1.8},"minecraft:health":{"max":5,"value":5},"minecraft:scale":{"value":0.7},"minecraft:underwater_movement":{"value":0.05}}},"components":{"minecraft:balloonable":{},"minecraft:behavior.eat_block":{"eat_and_replace_block_pairs":[{"eat_block":"moss_block","replace_block":"dirt"},{"eat_block":"moss_carpet","replace_block":"air"},{"eat_block":"mossy_cobblestone","replace_block":"cobblestone"},{"eat_block":"mossy_cobblestone_slab","replace_block":"cobblestone_slab"},{"eat_block":"sea_grass","replace_block":"air"},{"eat_block":"mossy_stone_bricks","replace_block":"stone_bricks"}],"on_eat":{"event":"minecraft:on_eat_block","target":"self"},"priority":9,"success_chance":"query.is_baby ? 0.02 : 0.001","time_until_eat":1.5},"minecraft:behavior.flee_sun":{"priority":5,"speed_multiplier":4},"minecraft:behavior.follow_parent":{"priority":5,"speed_multiplier":1.1},"minecraft:behavior.look_at_player":{"look_distance":6,"priority":7,"probability":0.02},"minecraft:behavior.mount_pathing":{"priority":2,"speed_multiplier":1.5,"target_dist":0,"track_target":true},"minecraft:behavior.move_to_block":{"goal_radius":1,"priority":2,"search_height":8,"search_range":8,"speed_multiplier":2,"start_chance":0.5,"stay_duration":10,"target_blocks":["minecraft:moss","minecraft:mossy_cobblestone","minecraft:sea_grass","minecraft:mossy_stone_bricks"],"target_offset":[0,1,0],"target_selection_method":"random","tick_interval":1},"minecraft:behavior.move_to_water":{"priority":1,"search_height":5,"search_range":15},"minecraft:behavior.panic":{"priority":1,"speed_multiplier":1.25},"minecraft:behavior.random_look_around":{"priority":9},"minecraft:behavior.random_stroll":{"priority":6,"speed_multiplier":0.8},"minecraft:behavior.tempt":{"items":["wheat"],"priority":4,"speed_multiplier":1.25},"minecraft:breathable":{"breathesAir":false,"breathesWater":true,"suffocateTime":0,"totalSupply":120},"minecraft:can_climb":{},"minecraft:collision_box":{"height":0.3,"width":0.5},"minecraft:experience_reward":{"on_death":"query.last_hit_by_player ? 1 : 0"},"minecraft:interact":{"interactions":[{"interact_text":"Catch","on_interact":{"event":"despawn","filters":{"any_of":[{"domain":"hand","subject":"other","test":"has_equipment","value":"water_bucket"}]}},"transform_to_item":"id:pleco_bucket","use_item":true}]},"minecraft:jump.static":{},"minecraft:leashable":{"hard_distance":6,"max_distance":10,"soft_distance":4},"minecraft:loot":{"table":"loot_tables/entities/id_crocskink.json"},"minecraft:movement":{"value":0.28},"minecraft:movement.basic":{},"minecraft:nameable":{"allowNameTagRenaming":false,"alwaysShow":false},"minecraft:navigation.walk":{"avoid_damage_blocks":true,"avoid_water":false,"can_path_over_water":false},"minecraft:physics":{},"minecraft:scale":{"value":1},"minecraft:type_family":{"family":["mob","fish","pleco"]},"minecraft:underwater_movement":{"value":0.06}},"description":{"identifier":"id:pleco","is_experimental":false,"is_spawnable":true,"is_summonable":true,"runtime_identifier":"minecraft:cod"},"events":{"despawn":{"add":{"component_groups":["despawn"]}},"minecraft:entity_spawned":{"randomize":[{"add":{"component_groups":["adult","scale_small"]},"weight":30},{"add":{"component_groups":["adult","scale_normal"]},"weight":50},{"add":{"component_groups":["adult","scale_large"]},"weight":15}]}}}}