{"format_version":"1.8.0","minecraft:entity":{"component_groups":{"medium":{"minecraft:attack":{"damage":5},"minecraft:behavior.nearest_attackable_target":{"entity_types":[{"filters":{"any_of":[{"subject":"other","test":"is_family","value":"dummy"},{"subject":"other","test":"is_family","value":"chicken"},{"subject":"other","test":"is_family","value":"cow"},{"subject":"other","test":"is_family","value":"pig"},{"subject":"other","test":"is_family","value":"sheep"},{"subject":"other","test":"is_family","value":"villager"},{"subject":"other","test":"is_family","value":"monkey"},{"subject":"other","test":"is_family","value":"rabbit"},{"subject":"other","test":"is_family","value":"treeshrew"}]},"max_dist":20,"must_see":false}],"must_reach":false,"must_see":false,"priority":3,"speed_multiplier":1,"within_radius":25},"minecraft:health":{"max":18,"value":18},"minecraft:scale":{"value":0.6}},"normal":{"minecraft:attack":{"damage":7},"minecraft:behavior.nearest_attackable_target":{"entity_types":[{"filters":{"any_of":[{"subject":"other","test":"is_family","value":"dummy"},{"subject":"other","test":"is_family","value":"chicken"},{"subject":"other","test":"is_family","value":"cow"},{"subject":"other","test":"is_family","value":"pig"},{"subject":"other","test":"is_family","value":"sheep"},{"subject":"other","test":"is_family","value":"villager"},{"subject":"other","test":"is_family","value":"monkey"},{"subject":"other","test":"is_family","value":"tiger"},{"subject":"other","test":"is_family","value":"crocodile"},{"subject":"other","test":"is_family","value":"archaeopteryx"},{"subject":"other","test":"is_family","value":"treeshrew"},{"subject":"other","test":"is_family","value":"rabbit"}]},"max_dist":20,"must_see":false}],"must_reach":false,"must_see":false,"priority":3,"speed_multiplier":1,"within_radius":25},"minecraft:health":{"max":20,"value":20},"minecraft:scale":{"value":0.9}},"python1":{"minecraft:variant":{"value":0}},"python2":{"minecraft:variant":{"value":1}},"python3":{"minecraft:variant":{"value":2}},"small":{"minecraft:attack":{"damage":3},"minecraft:behavior.eat_mob":{"eat_animation_time":0.3,"eat_mob_sound":"tongue","priority":7,"pull_in_force":0.75,"reach_mob_distance":1.4,"run_speed":2},"minecraft:behavior.nearest_attackable_target":{"entity_types":[{"filters":{"any_of":[{"subject":"other","test":"is_family","value":"dummy"},{"subject":"other","test":"is_family","value":"chicken"},{"subject":"other","test":"is_family","value":"pig"},{"subject":"other","test":"is_family","value":"sheep"},{"subject":"other","test":"is_family","value":"monkey"},{"subject":"other","test":"is_family","value":"treeshrew"},{"subject":"other","test":"is_family","value":"rabbit"}]},"max_dist":20,"must_see":false}],"must_reach":false,"must_see":false,"priority":3,"speed_multiplier":1,"within_radius":25},"minecraft:health":{"max":15,"value":15},"minecraft:scale":{"value":0.4}}},"components":{"minecraft:balloonable":{},"minecraft:behavior.float":{"priority":0},"minecraft:behavior.follow_parent":{"priority":5,"speed_multiplier":1.1},"minecraft:behavior.hurt_by_target":{"priority":3},"minecraft:behavior.leap_at_target":{"must_be_on_ground":false,"priority":4,"speed_multiplier":1,"target_dist":0.4,"yd":0.6},"minecraft:behavior.look_at_player":{"look_distance":6,"priority":7,"probability":0.02},"minecraft:behavior.melee_attack":{"max_dist":3,"priority":2,"random_stop_interval":100,"reach_multiplier":1.4,"speed_multiplier":1,"target_dist":0,"track_target":false},"minecraft:behavior.mount_pathing":{"priority":2,"speed_multiplier":1.5,"target_dist":0,"track_target":true},"minecraft:behavior.owner_hurt_by_target":{"priority":1},"minecraft:behavior.random_look_around":{"priority":9},"minecraft:behavior.random_stroll":{"priority":6,"speed_multiplier":0.8},"minecraft:behavior.tempt":{"items":["wheat"],"priority":4,"speed_multiplier":1.25},"minecraft:can_climb":{},"minecraft:collision_box":{"height":1,"width":1},"minecraft:experience_reward":{"on_death":"query.last_hit_by_player ? 2 : 0"},"minecraft:jump.static":{},"minecraft:lava_movement":{"value":0.55},"minecraft:loot":{"table":"loot_tables/entities/id_komodo_dragon.json"},"minecraft:movement":{"value":0.31},"minecraft:movement.basic":{},"minecraft:nameable":{"allowNameTagRenaming":true,"alwaysShow":false},"minecraft:navigation.walk":{"avoid_damage_blocks":true,"avoid_water":false,"can_path_over_water":false},"minecraft:physics":{},"minecraft:type_family":{"family":["snake","mob","python"]},"minecraft:underwater_movement":{"value":0.1}},"description":{"identifier":"id:python","is_experimental":false,"is_spawnable":true,"is_summonable":true},"events":{"minecraft:entity_spawned":{"randomize":[{"add":{"component_groups":["normal","python1"]},"weight":68},{"add":{"component_groups":["medium","python1"]},"weight":95},{"add":{"component_groups":["small","python1"]},"weight":82},{"add":{"component_groups":["normal","python2"]},"weight":68},{"add":{"component_groups":["normal","python3"]},"weight":68},{"add":{"component_groups":["medium","python2"]},"weight":95},{"add":{"component_groups":["medium","python3"]},"weight":95},{"add":{"component_groups":["small","python2"]},"weight":82},{"add":{"component_groups":["small","python3"]},"weight":82}]}}}}