{"format_version":"1.13.0","minecraft:entity":{"component_groups":{"adult":{"minecraft:behavior.breed":{"priority":3,"speed_multiplier":1},"minecraft:behavior.hurt_by_target":{"entity_types":{"filters":{"operator":"!=","subject":"other","test":"is_family","value":"creeper"}},"priority":2},"minecraft:behavior.nearest_attackable_target":{"entity_types":[{"filters":{"any_of":[{"subject":"other","test":"is_family","value":"dummy"}]},"max_dist":28,"must_see":false}],"must_reach":false,"must_see":false,"priority":3,"speed_multiplier":3.9,"within_radius":25},"minecraft:breedable":{"breedItems":["apple","melon","carrot","wheat"],"breedsWith":[{"babyType":"id:rhino","breed_event":{"event":"minecraft:entity_born","target":"baby"},"mateType":"id:rhino"}],"requireTame":false},"minecraft:health":{"max":18,"value":18}},"baby":{"minecraft:ageable":{"duration":1200,"feed_items":["apple","melon","carrot","wheat"],"grow_up":{"event":"minecraft:ageable_grow_up","target":"self"}},"minecraft:behavior.follow_parent":{"priority":6,"speed_multiplier":1.1},"minecraft:health":{"max":10,"value":10},"minecraft:is_baby":{},"minecraft:scale":{"value":0.5}}},"components":{"minecraft:attack":{"damage":8},"minecraft:balloonable":{"mass":2},"minecraft:behavior.look_at_player":{"look_distance":6,"priority":7,"probability":0.02},"minecraft:behavior.melee_attack":{"priority":1,"track_target":true},"minecraft:behavior.random_look_around":{"priority":8},"minecraft:behavior.random_stroll":{"priority":6,"speed_multiplier":0.6,"xz_dist":16},"minecraft:can_climb":{},"minecraft:collision_box":{"height":0.9,"width":1},"minecraft:conditional_bandwidth_optimization":{},"minecraft:damage_sensor":{"triggers":{"cause":"fall","deals_damage":false}},"minecraft:hurt_on_condition":{"damage_conditions":[{"cause":"lava","damage_per_tick":4,"filters":{"operator":"==","subject":"self","test":"in_lava","value":true}}]},"minecraft:jump.static":{},"minecraft:movement":{"value":0.35},"minecraft:movement.basic":{},"minecraft:nameable":{},"minecraft:navigation.walk":{"avoid_damage_blocks":true,"avoid_water":true,"can_float":false,"can_path_over_water":false},"minecraft:persistent":{},"minecraft:physics":{},"minecraft:pushable":{"is_pushable":true,"is_pushable_by_piston":true},"minecraft:type_family":{"family":["rhinoceros","mob"]}},"description":{"identifier":"id:rhino","is_experimental":false,"is_spawnable":true,"is_summonable":true},"events":{"minecraft:ageable_grow_up":{"add":{"component_groups":["adult"]},"remove":{"component_groups":["baby"]}},"minecraft:entity_born":{"add":{"component_groups":["baby"]}},"minecraft:entity_spawned":{"randomize":[{"add":{"component_groups":["adult"]},"weight":95},{"add":{"component_groups":["baby"]},"weight":5}]},"minecraft:entity_transformed":{"add":{"component_groups":["adult"]},"remove":{}},"on:death":{"run_command":{"command":[]}},"on:hurt":{"run_command":{"command":[]}},"on:hurt_by_player":{"run_command":{"command":[]}},"on:ignite":{"run_command":{"command":[]}},"on:target_acquired":{"run_command":{"command":[]}},"on:target_escape":{"run_command":{"command":[]}},"on:wake_with_owner":{"run_command":{"command":[]}}}}}