{"format_version":"1.8.0","minecraft:entity":{"component_groups":{"despawn":{"minecraft:instant_despawn":{}},"monkeyadult":{"minecraft:behavior.breed":{"priority":3,"speed_multiplier":1},"minecraft:breedable":{"breedItems":["apple","melon"],"breedsWith":[{"babyType":"id:ruddy","breed_event":{"event":"minecraft:entity_born","target":"baby"},"mateType":"id:ruddy"}],"requireTame":false},"minecraft:health":{"max":6,"value":6},"minecraft:interact":[{"interact_text":"Catch","on_interact":{"event":"despawn","filters":{"all_of":[{"subject":"other","test":"is_family","value":"player"},{"domain":"hand","subject":"other","test":"has_equipment","value":"id:bag"}]}},"play_sounds":"armor.equip_leather","transform_to_item":"id:bagruddy","use_item":true}]},"monkeybaby":{"minecraft:ageable":{"duration":1200,"feed_items":["apple","melon"],"grow_up":{"event":"minecraft:ageable_grow_up","target":"self"}},"minecraft:behavior.follow_parent":{"priority":6,"speed_multiplier":1.1},"minecraft:health":{"max":4,"value":4},"minecraft:interact":[{"interact_text":"Catch","on_interact":{"event":"despawn","filters":{"all_of":[{"subject":"other","test":"is_family","value":"player"},{"domain":"hand","subject":"other","test":"has_equipment","value":"id:bag"}]}},"play_sounds":"armor.equip_leather","transform_to_item":"id:bagbabyruddy","use_item":true}],"minecraft:is_baby":{},"minecraft:scale":{"value":0.5}}},"components":{"minecraft:attack":{"damage":3},"minecraft:balloonable":{},"minecraft:behavior.avoid_mob_type":{"entity_types":[{"filters":{"subject":"other","test":"is_family","value":"tiger"},"max_dist":35,"sprint_speed_multiplier":1.35,"walk_speed_multiplier":0.8},{"filters":{"subject":"other","test":"is_family","value":"player"},"max_dist":8,"sprint_speed_multiplier":1.36,"walk_speed_multiplier":0.8},{"filters":{"subject":"other","test":"is_family","value":"wolf"},"max_dist":18,"sprint_speed_multiplier":1.38,"walk_speed_multiplier":0.8}],"priority":6},"minecraft:behavior.eat_carried_item":{"delay_before_eating":28,"priority":12},"minecraft:behavior.equip_item":{"priority":2},"minecraft:behavior.follow_parent":{"priority":5,"speed_multiplier":1.1},"minecraft:behavior.jump_to_block":{"cooldown_range":[10,15],"minimum_distance":1,"minimum_path_length":5,"priority":8,"scale_factor":0.6,"search_height":3,"search_width":10},"minecraft:behavior.look_at_player":{"look_distance":6,"priority":7,"probability":0.02},"minecraft:behavior.melee_attack":{"max_dist":3,"priority":2,"random_stop_interval":100,"reach_multiplier":1.4,"speed_multiplier":1,"target_dist":0,"track_target":false},"minecraft:behavior.mount_pathing":{"priority":2,"speed_multiplier":1.5,"target_dist":0,"track_target":true},"minecraft:behavior.panic":{"priority":1,"speed_multiplier":1.28},"minecraft:behavior.pickup_items":{"goal_radius":2,"max_dist":3,"priority":11,"speed_multiplier":0.5},"minecraft:behavior.random_look_around":{"priority":9},"minecraft:behavior.random_stroll":{"priority":6,"speed_multiplier":0.8},"minecraft:behavior.tempt":{"items":["wheat"],"priority":4,"speed_multiplier":1.25},"minecraft:can_climb":{},"minecraft:collision_box":{"height":0.4,"width":0.6},"minecraft:equip_item":{},"minecraft:experience_reward":{"on_death":"query.last_hit_by_player ? 1 : 0"},"minecraft:fall_damage":{"value":0},"minecraft:jump.static":{},"minecraft:leashable":{"hard_distance":6,"max_distance":10,"soft_distance":4},"minecraft:movement":{"value":0.37},"minecraft:movement.basic":{},"minecraft:nameable":{"allowNameTagRenaming":true,"alwaysShow":false},"minecraft:navigation.climb":{"avoid_damage_blocks":true,"avoid_water":true,"can_float":true,"can_path_over_water":true},"minecraft:physics":{},"minecraft:scale":{"value":1},"minecraft:shareables":{"all_items":true,"all_items_max_amount":1,"items":[{"item":"minecraft:apple","max_amount":1,"priority":0},{"item":"minecraft:appleEnchanted","max_amount":1,"priority":0},{"item":"minecraft:baked_potato","max_amount":1,"priority":0},{"item":"minecraft:beetroot","max_amount":1,"priority":0},{"item":"minecraft:beetroot_soup","max_amount":1,"priority":0},{"item":"minecraft:bread","max_amount":1,"priority":0},{"item":"minecraft:carrot","max_amount":1,"priority":0},{"item":"minecraft:chorus_fruit","max_amount":1,"priority":0},{"item":"minecraft:golden_apple","max_amount":1,"priority":0},{"item":"minecraft:golden_carrot","max_amount":1,"priority":0},{"item":"minecraft:melon","max_amount":1,"priority":0},{"item":"minecraft:mushroom_stew","max_amount":1,"priority":0},{"item":"minecraft:poisonous_potato","max_amount":1,"priority":0},{"item":"minecraft:potato","max_amount":1,"priority":0},{"item":"minecraft:pumpkin_pie","max_amount":1,"priority":0},{"item":"minecraft:spider_eye","max_amount":1,"priority":0},{"item":"minecraft:sweet_berries","max_amount":1,"priority":0},{"item":"minecraft:glow_berries","max_amount":1,"priority":0},{"item":"minecraft:suspicious_stew","max_amount":1,"priority":0}]},"minecraft:type_family":{"family":["treeshrew","mob","ruddytreeshrew"]},"minecraft:underwater_movement":{"value":0.06}},"description":{"identifier":"id:ruddy","is_experimental":false,"is_spawnable":true,"is_summonable":true},"events":{"despawn":{"add":{"component_groups":["despawn"]}},"minecraft:ageable_grow_up":{"add":{"component_groups":["monkeyadult"]},"remove":{"component_groups":["monkeybaby"]}},"minecraft:entity_born":{"add":{"component_groups":["monkeybaby"]}},"minecraft:entity_spawned":{"randomize":[{"add":{"component_groups":["monkeyadult"]},"weight":95},{"add":{"component_groups":["monkeybaby"]},"weight":5}]},"minecraft:spawn_adult":{"add":{"component_groups":["monkeyadult"]}}}}}