{"format_version":"1.8.0","minecraft:entity":{"components":{"minecraft:behavior.avoid_mob_type":{"entity_types":[{"filters":{"other_with_families":["player"],"subject":"other","test":"is_family","value":"player"},"max_dist":6,"sprint_speed_multiplier":2,"walk_speed_multiplier":1.5}],"priority":1},"minecraft:behavior.panic":{"speed_multiplier":1.25},"minecraft:behavior.random_swim":{"interval":0,"priority":3,"speed_multiplier":1,"xz_dist":16,"y_dist":4},"minecraft:behavior.swim_idle":{"priority":5},"minecraft:behavior.swim_wander":{"interval":10,"look_ahead":2,"priority":4,"speed_multiplier":1},"minecraft:breathable":{"breathesAir":false,"breathesWater":true,"suffocateTime":0,"totalSupply":15},"minecraft:collision_box":{"height":0.8,"width":0.6},"minecraft:experience_reward":{"on_death":"query.last_hit_by_player ? 1 : 0"},"minecraft:health":{"max":7,"value":7},"minecraft:loot":{"table":"loot_tables/entities/fish.json"},"minecraft:movement":{"value":0.1},"minecraft:movement.sway":{"sway_amplitude":0},"minecraft:nameable":{"allowNameTagRenaming":true,"alwaysShow":false},"minecraft:navigation.generic":{"can_breach":false,"can_path_over_water":false,"can_sink":false,"can_swim":true,"can_walk":false,"is_amphibious":false},"minecraft:on_death":{"event":"on:death","target":"self"},"minecraft:on_hurt":{"event":"on:hurt","target":"self"},"minecraft:on_hurt_by_player":{"event":"on:hurt_by_player","target":"self"},"minecraft:on_ignite":{"event":"on:ignite","target":"self"},"minecraft:on_target_acquired":{"event":"on:target_acquired","target":"self"},"minecraft:on_target_escape":{"event":"on:target_escape","target":"self"},"minecraft:on_wake_with_owner":{"event":"on:wake_with_owner","target":"self"},"minecraft:physics":{},"minecraft:scale":{"value":1},"minecraft:type_family":{"family":["fish","seahorse"]},"minecraft:underwater_movement":{"value":0.1}},"description":{"identifier":"id:seahorse","is_experimental":false,"is_spawnable":true,"is_summonable":true},"events":{"on:death":{"run_command":{"command":[]}},"on:hurt":{"run_command":{"command":[]}},"on:hurt_by_player":{"run_command":{"command":[]}},"on:ignite":{"run_command":{"command":[]}},"on:target_acquired":{"run_command":{"command":[]}},"on:target_escape":{"run_command":{"command":[]}},"on:wake_with_owner":{"run_command":{"command":[]}}}}}