{"format_version":"1.8.0","minecraft:entity":{"component_groups":{"despawn":{"minecraft:instant_despawn":{}}},"components":{"minecraft:balloonable":{},"minecraft:behavior.mount_pathing":{"priority":2,"speed_multiplier":1.5,"target_dist":0,"track_target":true},"minecraft:behavior.random_stroll":{"priority":6,"speed_multiplier":0.8},"minecraft:behavior.tempt":{"items":["wheat"],"priority":4,"speed_multiplier":1.25},"minecraft:can_climb":{},"minecraft:collision_box":{"height":0.5,"width":0.7},"minecraft:experience_reward":{"on_death":"query.last_hit_by_player ? 0 : 0"},"minecraft:health":{"max":20,"value":20},"minecraft:jump.static":{},"minecraft:leashable":{"hard_distance":6,"max_distance":10,"soft_distance":4},"minecraft:loot":{"table":"loot_tables/entities/shell.json"},"minecraft:movement":{"value":0},"minecraft:movement.basic":{},"minecraft:nameable":{"allowNameTagRenaming":true,"alwaysShow":false},"minecraft:navigation.walk":{"avoid_damage_blocks":true,"avoid_water":true,"can_path_over_water":true},"minecraft:on_death":{"event":"on:death","target":"self"},"minecraft:on_hurt":{"event":"on:hurt","target":"self"},"minecraft:on_hurt_by_player":{"event":"on:hurt_by_player","target":"self"},"minecraft:on_ignite":{"event":"on:ignite","target":"self"},"minecraft:on_target_acquired":{"event":"on:target_acquired","target":"self"},"minecraft:on_target_escape":{"event":"on:target_escape","target":"self"},"minecraft:on_wake_with_owner":{"event":"on:wake_with_owner","target":"self"},"minecraft:physics":{},"minecraft:rideable":{"family_types":["hermitcrab","hermitcrab_without_shell"],"interact_text":"action.interact.mount","pull_in_entities":false,"seat_count":1,"seats":[{"position":[0,0.4,-0.2]}]},"minecraft:scale":{"value":1},"minecraft:type_family":{"family":["shell"]},"minecraft:underwater_movement":{"value":0}},"description":{"identifier":"id:shell","is_experimental":false,"is_spawnable":true,"is_summonable":true},"events":{"despawn":{"add":{"component_groups":["despawn"]}}}}}