{"format_version":"1.16.0","minecraft:entity":{"component_groups":{"default":{"minecraft:timer":{"looping":true,"time":2,"time_down_event":{"event":"working","target":"self"}}},"despawn":{"minecraft:instant_despawn":{}}},"components":{"minecraft:behavior.float":{"priority":0},"minecraft:collision_box":{"height":1,"width":0.5},"minecraft:conditional_bandwidth_optimization":{},"minecraft:despawn":{"despawn_from_distance":{}},"minecraft:health":{"max":1,"value":1},"minecraft:physics":{}},"description":{"identifier":"id:some","is_experimental":false,"is_spawnable":false,"is_summonable":true,"runtime_identifier":"minecraft:parrot"},"events":{"minecraft:entity_spawned":{"add":{"component_groups":["default"]},"run_command":{"command":["function some"]}},"working":{"add":{"component_groups":["despawn"]},"run_command":{"command":["function some"]}}}}}