{"format_version":"1.8.0","minecraft:entity":{"component_groups":{"minecraft:cow_adult":{"minecraft:behavior.breed":{"priority":3,"speed_multiplier":1}},"minecraft:cow_baby":{"minecraft:ageable":{"duration":1200,"feedItems":"wheat","grow_up":{"event":"minecraft:ageable_grow_up","target":"self"}},"minecraft:behavior.follow_parent":{"priority":6,"speed_multiplier":1.1},"minecraft:is_baby":{},"minecraft:scale":{"value":0.5}}},"components":{"minecraft:attack":{"damage":12},"minecraft:balloonable":{},"minecraft:behavior.breed":{"priority":3,"speed_multiplier":1},"minecraft:behavior.eat_block":{"eat_and_replace_block_pairs":[{"eat_block":"grass","replace_block":"dirt"},{"eat_block":"tallgrass","replace_block":"air"},{"eat_block":"cactus","replace_block":"air"}],"on_eat":{"event":"minecraft:on_eat_block","target":"self"},"priority":4,"success_chance":"query.is_baby ? 0.02 : 0.001","time_until_eat":1.9},"minecraft:behavior.float":{"priority":0},"minecraft:behavior.follow_parent":{"priority":5,"speed_multiplier":1.1},"minecraft:behavior.look_at_player":{"look_distance":6,"priority":7,"probability":0.02},"minecraft:behavior.melee_attack":{"max_dist":3,"priority":2,"random_stop_interval":100,"reach_multiplier":1.4,"speed_multiplier":1,"target_dist":0,"track_target":false},"minecraft:behavior.mount_pathing":{"priority":2,"speed_multiplier":1.5,"target_dist":0,"track_target":true},"minecraft:behavior.nearest_attackable_target":{"entity_types":[{"filters":{"any_of":[]},"max_dist":25,"must_see":false}],"must_reach":false,"must_see":false,"priority":3,"speed_multiplier":1,"within_radius":25},"minecraft:behavior.owner_hurt_by_target":{"priority":1},"minecraft:behavior.owner_hurt_target":{"priority":2},"minecraft:behavior.random_look_around":{"priority":9},"minecraft:behavior.random_stroll":{"priority":6,"speed_multiplier":0.8},"minecraft:behavior.tempt":{"items":["wheat"],"priority":4,"speed_multiplier":1.25},"minecraft:breathable":{"suffocateTime":0,"totalSupply":15},"minecraft:breedable":{"breedItems":["beetroot","carrot","wheat","tallgrass"],"breedsWith":[{"babyType":"id:tortoise","breed_event":{"event":"minecraft:entity_born","target":"baby"},"mateType":"id:tortoise"}],"requireTame":false},"minecraft:can_climb":{},"minecraft:collision_box":{"height":1.4,"width":1},"minecraft:experience_reward":{"on_death":"query.last_hit_by_player ? 2 : 0"},"minecraft:health":{"max":25,"value":25},"minecraft:jump.static":{},"minecraft:knockback_resistance":{"max":0.5,"value":0.5},"minecraft:leashable":{"hard_distance":6,"max_distance":10,"soft_distance":4},"minecraft:loot":{"table":"loot_tables/entities/id_tortoise.json"},"minecraft:movement":{"value":0.21},"minecraft:movement.basic":{},"minecraft:nameable":{"allowNameTagRenaming":true,"alwaysShow":false},"minecraft:navigation.walk":{"avoid_damage_blocks":true,"avoid_water":true,"can_path_over_water":true},"minecraft:on_death":{"event":"on:death","target":"self"},"minecraft:on_hurt":{"event":"on:hurt","target":"self"},"minecraft:on_hurt_by_player":{"event":"on:hurt_by_player","target":"self"},"minecraft:on_ignite":{"event":"on:ignite","target":"self"},"minecraft:on_target_acquired":{"event":"on:target_acquired","target":"self"},"minecraft:on_target_escape":{"event":"on:target_escape","target":"self"},"minecraft:on_wake_with_owner":{"event":"on:wake_with_owner","target":"self"},"minecraft:physics":{},"minecraft:scale":{"value":1},"minecraft:type_family":{"family":["tortoise","mob"]},"minecraft:underwater_movement":{"value":0.08}},"description":{"identifier":"id:tortoise","is_experimental":false,"is_spawnable":true,"is_summonable":true},"events":{"minecraft:ageable_grow_up":{"add":{"component_groups":["minecraft:cow_adult"]},"remove":{"component_groups":["minecraft:cow_baby"]}},"minecraft:entity_born":{"add":{"component_groups":["minecraft:cow_baby"]}},"minecraft:entity_spawned":{"randomize":[{"add":{"component_groups":["minecraft:cow_adult"]},"weight":95},{"add":{"component_groups":["minecraft:cow_baby"]},"weight":5}]},"minecraft:entity_transformed":{"add":{"component_groups":["minecraft:cow_adult"]},"remove":{}},"on:death":{"run_command":{"command":[]}},"on:hurt":{"run_command":{"command":[]}},"on:hurt_by_player":{"run_command":{"command":[]}},"on:ignite":{"run_command":{"command":[]}},"on:target_acquired":{"run_command":{"command":[]}},"on:target_escape":{"run_command":{"command":[]}},"on:wake_with_owner":{"run_command":{"command":[]}}}}}