{"format_version":"1.16.0","minecraft:entity":{"component_groups":{"default":{"minecraft:variant":{"value":0}},"despawn":{"minecraft:instant_despawn":{}},"green":{"minecraft:variant":{"value":1}},"minecraft:toucan_adult":{"minecraft:experience_reward":{"on_death":"query.last_hit_by_player ? Math.Random(1,3) : 0"},"minecraft:loot":{"table":"loot_tables/entities/parrot.json"}},"minecraft:toucan_tame":{"minecraft:behavior.find_mount":{"avoid_water":true,"mount_distance":2,"priority":3,"start_delay":100,"target_needed":false,"within_radius":16},"minecraft:behavior.follow_owner":{"priority":2,"speed_multiplier":1,"start_distance":5,"stop_distance":1},"minecraft:behavior.stay_while_sitting":{"priority":1},"minecraft:is_tamed":{},"minecraft:sittable":{},"minecraft:type_family":{"family":["toucan_tame","mob"]}},"minecraft:toucan_wild":{"minecraft:behavior.avoid_mob_type":{"entity_types":[{"filters":{"subject":"other","test":"is_family","value":"player"},"max_dist":8,"sprint_speed_multiplier":1.15,"walk_speed_multiplier":0.8},{"filters":{"subject":"other","test":"is_family","value":"tiger"},"max_dist":25,"sprint_speed_multiplier":1.25,"walk_speed_multiplier":0.8}],"priority":6},"minecraft:behavior.random_fly":{"avoid_damage_blocks":true,"can_land_on_trees":true,"priority":2,"speed_multiplier":1,"xz_dist":15,"y_dist":1,"y_offset":0},"minecraft:interact":{"interactions":[{"interact_text":"Catch","on_interact":{"event":"despawn","filters":{"all_of":[{"subject":"other","test":"is_family","value":"player"},{"domain":"hand","subject":"other","test":"has_equipment","value":"id:bag"}]}},"play_sounds":"armor.equip_leather","transform_to_item":"id:bagtoucan","use_item":true}]},"minecraft:tameable":{"probability":0.33,"tame_event":{"event":"minecraft:on_tame","target":"self"},"tame_items":["wheat_seeds","pumpkin_seeds","melon_seeds","beetroot_seeds"]},"minecraft:type_family":{"family":["toucan_wild","mob"]}}},"components":{"minecraft:behavior.float":{"priority":0},"minecraft:behavior.look_at_player":{"look_distance":8,"priority":1},"minecraft:behavior.panic":{"priority":0,"speed_multiplier":1.25},"minecraft:breathable":{"suffocate_time":0,"total_supply":15},"minecraft:can_fly":{},"minecraft:collision_box":{"height":1,"width":0.5},"minecraft:conditional_bandwidth_optimization":{},"minecraft:damage_sensor":{"triggers":{"cause":"fall","deals_damage":false}},"minecraft:despawn":{"despawn_from_distance":{}},"minecraft:health":{"max":6,"value":6},"minecraft:hurt_on_condition":{"damage_conditions":[{"cause":"lava","damage_per_tick":4,"filters":{"operator":"==","subject":"self","test":"in_lava","value":true}}]},"minecraft:jump.static":{},"minecraft:leashable":{"hard_distance":6,"max_distance":10,"soft_distance":4},"minecraft:movement":{"value":0.4},"minecraft:movement.fly":{},"minecraft:nameable":{},"minecraft:navigation.fly":{"can_path_from_air":true,"can_path_over_water":true},"minecraft:physics":{},"minecraft:pushable":{"is_pushable":true,"is_pushable_by_piston":true}},"description":{"identifier":"id:toucan","is_experimental":false,"is_spawnable":true,"is_summonable":true,"runtime_identifier":"minecraft:parrot"},"events":{"despawn":{"add":{"component_groups":["despawn"]}},"minecraft:entity_spawned":{"randomize":[{"add":{"component_groups":["minecraft:toucan_adult","minecraft:toucan_wild","default"]},"weight":20},{"add":{"component_groups":["minecraft:toucan_adult","minecraft:toucan_wild","green"]},"weight":20}]},"minecraft:on_tame":{"add":{"component_groups":["minecraft:toucan_tame"]},"remove":{"component_groups":["minecraft:toucan_wild"]}}}}}