{"format_version":"1.16.0","minecraft:entity":{"component_groups":{"attack_cooldown":{"minecraft:attack_cooldown":{"attack_cooldown_complete_event":{"event":"attack_cooldown_complete_event","target":"self"},"attack_cooldown_time":120}},"axolotl_adult":{"minecraft:behavior.breed":{"priority":1,"speed_multiplier":1},"minecraft:breedable":{"breedItems":["cod","salmon"],"breedsWith":[{"babyType":"id:turtle","breed_event":{"event":"minecraft:entity_born","target":"baby"},"mateType":"id:turtle"}],"requireTame":false},"minecraft:experience_reward":{"on_bred":"Math.Random(1,7)","on_death":"query.last_hit_by_player ? 3 : 0"}},"axolotl_baby":{"minecraft:ageable":{"duration":1200,"feed_items":"tropical_fish_bucket","grow_up":{"event":"minecraft:ageable_grow_up","target":"self"},"transform_to_item":"bucket:0"},"minecraft:behavior.follow_parent":{"priority":5,"speed_multiplier":1.1},"minecraft:is_baby":{},"minecraft:scale":{"value":0.5}},"axolotl_blue":{"minecraft:variant":{"value":4}},"axolotl_cyan":{"minecraft:variant":{"value":1}},"axolotl_dried":{"minecraft:damage_over_time":{"damage_per_hurt":1,"time_between_hurt":0}},"axolotl_gold":{"minecraft:variant":{"value":2}},"axolotl_in_water":{"minecraft:environment_sensor":{"triggers":[{"event":"start_drying_out","filters":{"operator":"!=","test":"in_water","value":true}}]}},"axolotl_lucy":{"minecraft:variant":{"value":0}},"axolotl_on_land":{"minecraft:drying_out_timer":{"dried_out_event":{"event":"dried_out"},"recover_after_dried_out_event":{"event":"recover_after_dried_out"},"stopped_drying_out_event":{"event":"stop_drying_out"},"total_time":300,"water_bottle_refill_time":90}},"axolotl_on_land_in_rain":{"minecraft:environment_sensor":{"triggers":[{"event":"start_drying_out","filters":{"operator":"!=","test":"in_water_or_rain","value":true}},{"event":"enter_water","filters":{"operator":"==","test":"in_water","value":true}}]}},"axolotl_wild":{"minecraft:variant":{"value":3}},"despawn":{"minecraft:instant_despawn":{}}},"components":{"minecraft:behavior.avoid_mob_type":{"entity_types":[{"filters":{"other_with_families":["player"]},"max_dist":6,"sprint_speed_multiplier":1.2,"walk_speed_multiplier":1}],"max_dist":6,"priority":3,"sneak_speed_multiplier":1,"sprint_speed_multiplier":1.2,"walk_speed_multiplier":1},"minecraft:behavior.breed":{"priority":3,"speed_multiplier":1},"minecraft:behavior.look_at_player":{"priority":10,"probability":0.02,"target_distance":6},"minecraft:behavior.move_to_water":{"goal_radius":0.1,"priority":6,"search_count":1,"search_height":5,"search_range":16},"minecraft:behavior.panic":{"speed_multiplier":1.25},"minecraft:behavior.random_stroll":{"interval":100,"priority":9},"minecraft:behavior.random_swim":{"interval":0,"priority":8,"xz_dist":30,"y_dist":15},"minecraft:behavior.swim_idle":{"idle_time":5,"priority":7,"success_rate":0.05},"minecraft:behavior.tempt":{"can_tempt_vertically":true,"items":["tropical_fish_bucket"],"priority":2,"speed_multiplier":1.1},"minecraft:collision_box":{"height":0.42,"width":0.75},"minecraft:damage_sensor":{"triggers":{"cause":"lightning","damage_multiplier":2000,"deals_damage":true}},"minecraft:experience_reward":{"on_death":"query.last_hit_by_player ? 1 : 0"},"minecraft:fall_damage":{"value":0},"minecraft:health":{"max":16,"value":16},"minecraft:hurt_on_condition":{"damage_conditions":[{"cause":"lava","damage_per_tick":4,"filters":{"operator":"==","subject":"self","test":"in_lava","value":true}}]},"minecraft:interact":{"interactions":[{"interact_text":"Catch","on_interact":{"event":"despawn","filters":{"any_of":[{"domain":"hand","subject":"other","test":"has_equipment","value":"water_bucket"}]}},"play_sounds":"bucket.fill.fish","transform_to_item":"id:turtle_bucket","use_item":true}]},"minecraft:is_hidden_when_invisible":{},"minecraft:jump.static":{},"minecraft:leashable":{"hard_distance":6,"max_distance":10,"soft_distance":4},"minecraft:lookat":{"allow_invulnerable":false,"filters":{"test":"has_target"},"look_cooldown":[0,0],"search_radius":10,"set_target":false},"minecraft:loot":{"table":"loot_tables/entities/id_turtle.json"},"minecraft:movement":{"value":0.2},"minecraft:movement.amphibious":{},"minecraft:nameable":{"allowNameTagRenaming":true,"alwaysShow":false},"minecraft:navigation.generic":{"avoid_damage_blocks":true,"can_path_over_water":true,"can_sink":false,"can_swim":true,"can_walk":true,"is_amphibious":true},"minecraft:on_death":{"event":"on:death","target":"self"},"minecraft:on_hurt":{"event":"on:hurt","target":"self"},"minecraft:on_hurt_by_player":{"event":"on:hurt_by_player","target":"self"},"minecraft:on_ignite":{"event":"on:ignite","target":"self"},"minecraft:on_target_acquired":{"event":"on:target_acquired","target":"self"},"minecraft:on_target_escape":{"event":"on:target_escape","target":"self"},"minecraft:on_wake_with_owner":{"event":"on:wake_with_owner","target":"self"},"minecraft:physics":{},"minecraft:pushable":{"is_pushable":true,"is_pushable_by_piston":true},"minecraft:scale":{"value":0.8},"minecraft:type_family":{"family":["mob","riverturtle","Reptiles"]},"minecraft:underwater_movement":{"value":0.2}},"description":{"identifier":"id:turtle","is_experimental":false,"is_spawnable":true,"is_summonable":true},"events":{"attack_cooldown_complete_event":{"remove":{"component_groups":["attack_cooldown"]}},"despawn":{"add":{"component_groups":["despawn"]}},"enter_water":{"add":{"component_groups":["axolotl_in_water"]},"remove":{"component_groups":["axolotl_on_land","axolotl_on_land_in_rain","axolotl_dried"]}},"killed_enemy_event":{"add":{"component_groups":["attack_cooldown"]}},"minecraft:ageable_grow_up":{"add":{"component_groups":["axolotl_adult"]},"remove":{"component_groups":["axolotl_baby"]}},"minecraft:entity_born":{"sequence":[{"add":{"component_groups":["axolotl_baby","axolotl_in_water"]},"remove":{"component_groups":["axolotl_adult"]}},{"add":{"component_groups":["axolotl_blue"]},"filters":{"operator":"!=","test":"has_component","value":"minecraft:variant"}}]},"minecraft:entity_spawned":{"sequence":[{"add":{"component_groups":["axolotl_adult","axolotl_in_water"]}},{"randomize":[{"add":{"component_groups":["axolotl_cyan"]},"weight":25},{"add":{"component_groups":["axolotl_gold"]},"weight":25},{"add":{"component_groups":["axolotl_lucy"]},"weight":25},{"add":{"component_groups":["axolotl_wild"]},"weight":25}]}]},"on:death":{"run_command":{"command":[]}},"on:hurt":{"run_command":{"command":[]}},"on:hurt_by_player":{"run_command":{"command":[]}},"on:ignite":{"run_command":{"command":[]}},"on:target_acquired":{"run_command":{"command":[]}},"on:target_escape":{"run_command":{"command":[]}},"on:wake_with_owner":{"run_command":{"command":[]}},"recover_after_dried_out":{"remove":{"component_groups":["axolotl_dried"]}}}}}