{"format_version":"1.8.0","minecraft:entity":{"component_groups":{"minecraft:velociraptor_adult":{"minecraft:behavior.breed":{"priority":3,"speed_multiplier":1},"minecraft:break_blocks":{"breakable_blocks":["id:dry_grass","beetroot","beetroot_seeds","carrot","potato","wheat","wheat_seeds"]},"minecraft:breedable":{"breedItems":["fish","salmon","beef","muttonRaw","chicken","porkchop"],"breedsWith":[{"babyType":"id:velociraptor","breed_event":{"event":"minecraft:entity_born","target":"baby"},"mateType":"id:velociraptor"}],"requireTame":false},"minecraft:experience_reward":{"on_death":"query.last_hit_by_player ? 1 : 0"}},"minecraft:velociraptor_baby":{"minecraft:ageable":{"duration":1200,"feed_items":["wheat_seeds","beetroot_seeds","melon_seeds","pumpkin_seeds"],"grow_up":{"event":"minecraft:ageable_grow_up","target":"self"}},"minecraft:behavior.follow_parent":{"priority":6,"speed_multiplier":1.1},"minecraft:is_baby":{},"minecraft:scale":{"value":0.5}},"minecraft:velociraptor_tame":{"minecraft:attack":{"damage":4},"minecraft:behavior.breed":{"priority":2,"speed_multiplier":1},"minecraft:behavior.follow_owner":{"priority":6,"speed_multiplier":1,"start_distance":10,"stop_distance":2},"minecraft:behavior.nearest_attackable_target":{"entity_types":[{"filters":{"subject":"other","test":"is_family","value":"skeleton"},"max_dist":16}],"must_see":true,"priority":5},"minecraft:behavior.nearest_attackable_target":{"entity_types":[{"filters":{"any_of":[{"subject":"other","test":"is_family","value":"spider"},{"subject":"other","test":"is_family","value":"zombie"},{"subject":"other","test":"is_family","value":"dummy"}]},"max_dist":27,"must_see":false}],"must_reach":false,"must_see":false,"priority":3,"speed_multiplier":1,"within_radius":27},"minecraft:behavior.owner_hurt_by_target":{"priority":1},"minecraft:behavior.owner_hurt_target":{"priority":2},"minecraft:breedable":{"breedItems":["fish","salmon","beef","muttonRaw","chicken","porkchop"],"breedsWith":[{"babyType":"id:velociraptor","breed_event":{"event":"minecraft:entity_born","target":"baby"},"mateType":"id:velociraptor"}],"requireTame":false},"minecraft:healable":{"items":[{"heal_amount":3,"item":"porkchop"},{"heal_amount":2,"item":"fish"},{"heal_amount":2,"item":"salmon"},{"heal_amount":1,"item":"clownfish"},{"heal_amount":5,"item":"cooked_fish"},{"heal_amount":6,"item":"cooked_salmon"},{"heal_amount":3,"item":"beef"},{"heal_amount":8,"item":"cooked_beef"},{"heal_amount":2,"item":"chicken"},{"heal_amount":6,"item":"cooked_chicken"},{"heal_amount":2,"item":"muttonRaw"},{"heal_amount":6,"item":"muttonCooked"},{"heal_amount":3,"item":"rabbit"},{"heal_amount":5,"item":"cooked_rabbit"}]},"minecraft:health":{"max":20,"value":20},"minecraft:is_tamed":{},"minecraft:leashable":{"hard_distance":6,"max_distance":10,"on_leash":{"event":"minecraft:on_leash","target":"self"},"on_unleash":{"event":"minecraft:on_unleash","target":"self"},"soft_distance":4},"minecraft:sittable":{}},"minecraft:velociraptor_wild":{"minecraft:behavior.hurt_by_target":{"priority":3},"minecraft:behavior.move_to_block":{"goal_radius":1,"priority":2,"search_height":8,"search_range":8,"speed_multiplier":2,"start_chance":0.5,"stay_duration":10,"target_blocks":["minecraft:carrots","minecraft:wheats","minecraft:wheat","minecraft:farmland"],"target_offset":[0,1,0],"target_selection_method":"random","tick_interval":1},"minecraft:behavior.nearest_attackable_target":{"entity_types":[{"filters":{"any_of":[{"subject":"other","test":"is_family","value":"rabbit"},{"subject":"other","test":"is_family","value":"chicken"},{"subject":"other","test":"is_family","value":"dummy"},{"subject":"other","test":"is_family","value":"baby_protoceratop"}]},"max_dist":27,"must_see":false}],"must_reach":false,"must_see":false,"priority":3,"speed_multiplier":1,"within_radius":27},"minecraft:behavior.raid_garden":{"blocks":["minecraft:sweet_berry_bush","minecraft:wheat","minecraft:wheat_seeds","minecraft:carrot","minecraft:carrot_seeds","minecraft:beetroot","minecraft:beetroot_seeds","minecraft:potato","minecraft:potato_seeds","minecraft:pumkin_seeds","minecraft:melon_seeds"],"goal_radius":0.8,"initial_eat_delay":2,"max_to_eat":0,"priority":12,"search_height":5,"search_range":25,"speed_multiplier":1.2},"minecraft:break_blocks":{"breakable_blocks":["id:dry_grass","beetroot","beetroot_seeds","carrot","potato","wheat","wheat_seeds"]},"minecraft:tameable":{"probability":0.33,"tame_event":{"event":"minecraft:on_tame","target":"self"},"tameItems":["rabbit"]}}},"components":{"minecraft:attack":{"damage":4},"minecraft:balloonable":{},"minecraft:behavior.avoid_block":{"avoid_block_sound":"retreat","priority":9,"search_height":8,"search_range":9,"sound_interval":{"range_max":5,"range_min":2},"sprint_speed_modifier":1.3,"target_blocks":["minecraft:carved_pumpkin","minecraft:lit_pumpkin"],"target_selection_method":"nearest","tick_interval":5},"minecraft:behavior.breed":{"priority":3,"speed_multiplier":1},"minecraft:behavior.eat_carried_item":{"delay_before_eating":15,"priority":12},"minecraft:behavior.float":{"priority":0},"minecraft:behavior.follow_parent":{"priority":5,"speed_multiplier":1.1},"minecraft:behavior.hurt_by_target":{"priority":3},"minecraft:behavior.jump_to_block":{"cooldown_range":[8,10],"minimum_distance":1,"minimum_path_length":8,"priority":8,"scale_factor":0.5,"search_height":2,"search_width":3},"minecraft:behavior.leap_at_target":{"must_be_on_ground":false,"priority":4,"speed_multiplier":1,"target_dist":0.4,"yd":0.4},"minecraft:behavior.look_at_player":{"look_distance":6,"priority":7,"probability":0.02},"minecraft:behavior.melee_attack":{"max_dist":3,"priority":2,"random_stop_interval":100,"reach_multiplier":1.4,"speed_multiplier":1,"target_dist":0,"track_target":true},"minecraft:behavior.mount_pathing":{"priority":2,"speed_multiplier":1.5,"target_dist":0,"track_target":true},"minecraft:behavior.nearest_attackable_target":{"entity_types":[{"filters":{"any_of":[{"subject":"other","test":"is_family","value":"rabbit"},{"subject":"other","test":"is_family","value":"chicken"},{"subject":"other","test":"is_family","value":"dummy"},{"subject":"other","test":"is_family","value":"protoceratop"}]},"max_dist":27,"must_see":false}],"must_reach":false,"must_see":false,"priority":3,"speed_multiplier":1,"within_radius":27},"minecraft:behavior.ocelotattack":{"priority":1,"sneak_speed_multiplier":0.8,"sprint_speed_multiplier":1.25,"walk_speed_multiplier":0.8},"minecraft:behavior.pickup_items":{"goal_radius":2,"max_dist":3,"priority":11,"speed_multiplier":0.5},"minecraft:behavior.random_look_around":{"priority":9},"minecraft:behavior.random_stroll":{"priority":6,"speed_multiplier":0.8},"minecraft:behavior.tempt":{"items":["wheat"],"priority":4,"speed_multiplier":1.25},"minecraft:breedable":{"breedItems":["fish","salmon"],"breedsWith":[{"babyType":"id:velociraptor","breed_event":{"event":"minecraft:entity_born","target":"baby"},"mateType":"id:velociraptor"}],"requireTame":false},"minecraft:can_climb":{},"minecraft:collision_box":{"height":1,"width":0.9},"minecraft:equip_item":{},"minecraft:experience_reward":{"on_death":"query.last_hit_by_player ? 1 : 0"},"minecraft:flocking":{"block_distance":1,"block_weight":0.75,"breach_influence":7,"cohesion_threshold":1.5,"cohesion_weight":2.25,"goal_weight":2,"high_flock_limit":8,"in_water":true,"influence_radius":3,"innner_cohesion_threshold":1.5,"loner_chance":0.1,"low_flock_limit":4,"match_variants":false,"max_height":4,"min_height":4,"separation_threshold":0.15,"separation_weight":0.65,"use_center_of_mass":false},"minecraft:health":{"max":15,"value":15},"minecraft:jump.static":{},"minecraft:leashable":{"hard_distance":6,"max_distance":10,"soft_distance":4},"minecraft:loot":{"table":"loot_tables/entities/chicken.json"},"minecraft:movement":{"value":0.32},"minecraft:movement.basic":{},"minecraft:nameable":{"allowNameTagRenaming":true,"alwaysShow":false},"minecraft:navigation.walk":{"avoid_damage_blocks":true,"avoid_water":true,"can_path_over_water":true},"minecraft:on_death":{"event":"on:death","target":"self"},"minecraft:on_hurt":{"event":"on:hurt","target":"self"},"minecraft:on_hurt_by_player":{"event":"on:hurt_by_player","target":"self"},"minecraft:on_ignite":{"event":"on:ignite","target":"self"},"minecraft:on_target_acquired":{"event":"on:target_acquired","target":"self"},"minecraft:on_target_escape":{"event":"on:target_escape","target":"self"},"minecraft:on_wake_with_owner":{"event":"on:wake_with_owner","target":"self"},"minecraft:physics":{},"minecraft:scale":{"value":1},"minecraft:shareables":{"all_items":true,"all_items_max_amount":1,"items":[{"item":"minecraft:apple","max_amount":1,"priority":0},{"item":"minecraft:appleEnchanted","max_amount":1,"priority":0},{"item":"minecraft:baked_potato","max_amount":1,"priority":0},{"item":"minecraft:beef","max_amount":1,"priority":0},{"item":"minecraft:beetroot","max_amount":1,"priority":0},{"item":"minecraft:beetroot_soup","max_amount":1,"priority":0},{"item":"minecraft:bread","max_amount":1,"priority":0},{"item":"minecraft:carrot","max_amount":1,"priority":0},{"item":"minecraft:chicken","max_amount":1,"priority":0},{"item":"minecraft:chorus_fruit","max_amount":1,"priority":0},{"item":"minecraft:clownfish","max_amount":1,"priority":0},{"item":"minecraft:cooked_beef","max_amount":1,"priority":0},{"item":"minecraft:cooked_chicken","max_amount":1,"priority":0},{"item":"minecraft:cooked_fish","max_amount":1,"priority":0},{"item":"minecraft:cooked_porkchop","max_amount":1,"priority":0},{"item":"minecraft:cooked_rabbit","max_amount":1,"priority":0},{"item":"minecraft:cooked_salmon","max_amount":1,"priority":0},{"item":"minecraft:cookie","max_amount":1,"priority":0},{"item":"minecraft:dried_kelp","max_amount":1,"priority":0},{"item":"minecraft:fish","max_amount":1,"priority":0},{"item":"minecraft:golden_apple","max_amount":1,"priority":0},{"item":"minecraft:golden_carrot","max_amount":1,"priority":0},{"item":"minecraft:melon","max_amount":1,"priority":0},{"item":"minecraft:mushroom_stew","max_amount":1,"priority":0},{"item":"minecraft:muttonCooked","max_amount":1,"priority":0},{"item":"minecraft:muttonRaw","max_amount":1,"priority":0},{"item":"minecraft:poisonous_potato","max_amount":1,"priority":0},{"item":"minecraft:porkchop","max_amount":1,"priority":0},{"item":"minecraft:potato","max_amount":1,"priority":0},{"item":"minecraft:pufferfish","max_amount":1,"priority":0},{"item":"minecraft:pumpkin_pie","max_amount":1,"priority":0},{"item":"minecraft:rabbit","max_amount":1,"priority":0},{"item":"minecraft:rabbit_stew","max_amount":1,"priority":0},{"item":"minecraft:rotten_flesh","max_amount":1,"priority":0},{"item":"minecraft:salmon","max_amount":1,"priority":0},{"item":"minecraft:spider_eye","max_amount":1,"priority":0},{"item":"minecraft:sweet_berries","max_amount":1,"priority":0},{"item":"minecraft:glow_berries","max_amount":1,"priority":0},{"item":"minecraft:suspicious_stew","max_amount":1,"priority":0}]},"minecraft:tameable":{"probability":0.33,"tame_event":{"event":"minecraft:on_tame","target":"self"},"tameItems":["rabbit","chicken"]},"minecraft:type_family":{"family":["velociraptor","mob"]},"minecraft:underwater_movement":{"value":0.02}},"description":{"identifier":"id:velociraptor","is_experimental":false,"is_spawnable":true,"is_summonable":true},"events":{"minecraft:ageable_grow_up":{"add":{"component_groups":["minecraft:velociraptor_adult"]},"remove":{"component_groups":["minecraft:velociraptor_baby"]}},"minecraft:entity_born":{"add":{"component_groups":["minecraft:velociraptor_baby"]}},"minecraft:entity_spawned":{"randomize":[{"add":{"component_groups":["minecraft:velociraptor_adult","minecraft:velociraptor_wild"]},"weight":95},{"add":{"component_groups":["minecraft:velociraptor_baby"]},"weight":5}]},"minecraft:entity_transformed":{"add":{"component_groups":["minecraft:velociraptor_adult"]},"remove":{}},"minecraft:on_tame":{"add":{"component_groups":["minecraft:velociraptor_tame"]},"remove":{"component_groups":["minecraft:velociraptor_wild"]}}}}}