{"format_version":"1.18.10","minecraft:entity":{"component_groups":{"despawn":{"minecraft:instant_despawn":{}},"minecraft:wolf_adult":{"minecraft:breedable":{"breed_items":["chicken","cooked_chicken","beef","cooked_beef","muttonRaw","muttonCooked","porkchop","cooked_porkchop","rabbit","cooked_rabbit","rotten_flesh"],"breeds_with":{"baby_type":"minecraft:wolf","breed_event":{"event":"minecraft:entity_born","target":"baby"},"mate_type":"minecraft:wolf"},"require_full_health":true,"require_tame":true},"minecraft:experience_reward":{"on_bred":"Math.Random(1,7)","on_death":"query.last_hit_by_player ? Math.Random(1,3) : 0"},"minecraft:interact":{"interactions":[{"interact_text":"Catch","on_interact":{"event":"despawn","filters":{"all_of":[{"subject":"other","test":"is_family","value":"player"},{"domain":"hand","subject":"other","test":"has_equipment","value":"id:bag"}]}},"play_sounds":"armor.equip_leather","transform_to_item":"id:bagwolf","use_item":true}]},"minecraft:loot":{"table":"loot_tables/entities/wolf.json"}},"minecraft:wolf_angry":{"minecraft:angry":{"broadcast_anger":true,"broadcast_range":20,"calm_event":{"event":"minecraft:on_calm","target":"self"},"duration":25},"minecraft:on_target_acquired":{},"minecraft:rideable":{"family_types":["zombie"],"seat_count":1,"seats":{"position":[0,0.675,-0.1]}}},"minecraft:wolf_baby":{"minecraft:ageable":{"duration":1200,"feed_items":["chicken","cooked_chicken","beef","cooked_beef","muttonRaw","muttonCooked","porkchop","cooked_porkchop","rabbit","cooked_rabbit","rotten_flesh"],"grow_up":{"event":"minecraft:ageable_grow_up","target":"self"}},"minecraft:interact":{"interactions":[{"interact_text":"Catch","on_interact":{"event":"despawn","filters":{"all_of":[{"subject":"other","test":"is_family","value":"player"},{"domain":"hand","subject":"other","test":"has_equipment","value":"id:bag"}]}},"play_sounds":"armor.equip_leather","transform_to_item":"id:bagbabywolf","use_item":true}]},"minecraft:is_baby":{},"minecraft:scale":{"value":0.5}},"minecraft:wolf_tame":{"minecraft:attack":{"damage":4},"minecraft:balloonable":{"mass":0.8},"minecraft:behavior.breed":{"priority":2,"speed_multiplier":1},"minecraft:behavior.follow_owner":{"priority":6,"speed_multiplier":1,"start_distance":10,"stop_distance":2},"minecraft:behavior.nearest_attackable_target":{"entity_types":[{"filters":{"subject":"other","test":"is_family","value":"skeleton"},"max_dist":16}],"must_see":true,"priority":5},"minecraft:behavior.owner_hurt_by_target":{"priority":1},"minecraft:behavior.owner_hurt_target":{"priority":2},"minecraft:color":{"value":14},"minecraft:health":{"max":20,"value":20},"minecraft:is_dyeable":{"interact_text":"dye"},"minecraft:is_tamed":{},"minecraft:sittable":{}},"minecraft:wolf_wild":{"minecraft:behavior.avoid_mob_type":{"entity_types":[{"filters":{"subject":"other","test":"is_family","value":"llama"},"max_dist":24,"sprint_speed_multiplier":1.5,"walk_speed_multiplier":1.5}],"priority":3,"probability_per_strength":0.14},"minecraft:behavior.nearest_attackable_target":{"entity_types":[{"filters":{"any_of":[{"subject":"other","test":"is_family","value":"skeleton"},{"subject":"other","test":"is_family","value":"sheep"},{"subject":"other","test":"is_family","value":"rabbit"},{"subject":"other","test":"is_family","value":"fox"},{"subject":"other","test":"is_family","value":"treeshrew"}]},"max_dist":16},{"filters":{"all_of":[{"subject":"other","test":"is_family","value":"baby_turtle"},{"operator":"!=","subject":"other","test":"in_water","value":true}]},"max_dist":16},{"filters":{"all_of":[{"subject":"other","test":"is_family","value":"skeleton"},{"operator":"!=","subject":"other","test":"is_underwater","value":true}]},"max_dist":16}],"must_see":true,"priority":4,"reselect_targets":true},"minecraft:on_target_acquired":{"event":"minecraft:become_angry","target":"self"},"minecraft:rideable":{"family_types":["zombie"],"seat_count":1,"seats":{"position":[0,0.675,-0.1]}},"minecraft:tameable":{"probability":0.33,"tame_event":{"event":"minecraft:on_tame","target":"self"},"tame_items":"bone"}}},"components":{"minecraft:attack":{"damage":4},"minecraft:behavior.beg":{"items":["bone","porkchop","cooked_porkchop","chicken","cooked_chicken","beef","cooked_beef","rotten_flesh","muttonraw","muttoncooked","rabbit","cooked_rabbit"],"look_distance":8,"look_time":[2,4],"priority":9},"minecraft:behavior.float":{"priority":0},"minecraft:behavior.hurt_by_target":{"priority":3},"minecraft:behavior.leap_at_target":{"priority":4,"target_dist":0.4},"minecraft:behavior.look_at_player":{"priority":6,"probability":0.02,"target_distance":6},"minecraft:behavior.melee_attack":{"priority":5},"minecraft:behavior.mount_pathing":{"priority":1,"speed_multiplier":1.25,"target_dist":0,"track_target":true},"minecraft:behavior.random_stroll":{"priority":8,"speed_multiplier":1},"minecraft:behavior.stay_while_sitting":{"priority":3},"minecraft:breathable":{"suffocate_time":0,"total_supply":15},"minecraft:can_climb":{},"minecraft:collision_box":{"height":0.8,"width":0.6},"minecraft:conditional_bandwidth_optimization":{},"minecraft:despawn":{"despawn_from_distance":{}},"minecraft:healable":{"items":[{"heal_amount":3,"item":"porkchop"},{"heal_amount":8,"item":"cooked_porkchop"},{"heal_amount":2,"item":"fish"},{"heal_amount":2,"item":"salmon"},{"heal_amount":1,"item":"clownfish"},{"heal_amount":1,"item":"pufferfish"},{"heal_amount":5,"item":"cooked_fish"},{"heal_amount":6,"item":"cooked_salmon"},{"heal_amount":3,"item":"beef"},{"heal_amount":8,"item":"cooked_beef"},{"heal_amount":2,"item":"chicken"},{"heal_amount":6,"item":"cooked_chicken"},{"heal_amount":2,"item":"muttonRaw"},{"heal_amount":6,"item":"muttonCooked"},{"heal_amount":4,"item":"rotten_flesh"},{"heal_amount":3,"item":"rabbit"},{"heal_amount":5,"item":"cooked_rabbit"},{"heal_amount":10,"item":"rabbit_stew"}]},"minecraft:health":{"max":8,"value":8},"minecraft:hurt_on_condition":{"damage_conditions":[{"cause":"lava","damage_per_tick":4,"filters":{"operator":"==","subject":"self","test":"in_lava","value":true}}]},"minecraft:is_hidden_when_invisible":{},"minecraft:jump.static":{},"minecraft:leashable":{"hard_distance":6,"max_distance":10,"on_leash":{"event":"minecraft:on_leash","target":"self"},"on_unleash":{"event":"minecraft:on_unleash","target":"self"},"soft_distance":4},"minecraft:movement":{"value":0.3},"minecraft:movement.basic":{},"minecraft:nameable":{},"minecraft:navigation.walk":{"avoid_damage_blocks":true,"can_path_over_water":true},"minecraft:physics":{},"minecraft:pushable":{"is_pushable":true,"is_pushable_by_piston":true},"minecraft:type_family":{"family":["wolf","mob"]}},"description":{"identifier":"minecraft:wolf","is_experimental":false,"is_spawnable":true,"is_summonable":true},"events":{"despawn":{"add":{"component_groups":["despawn"]}},"minecraft:ageable_grow_up":{"add":{"component_groups":["minecraft:wolf_adult"]},"remove":{"component_groups":["minecraft:wolf_baby"]}},"minecraft:ageable_set_baby":{"add":{"component_groups":["minecraft:wolf_baby"]},"remove":{"component_groups":["minecraft:wolf_adult"]}},"minecraft:become_angry":{"add":{"component_groups":["minecraft:wolf_angry"]},"remove":{"component_groups":["minecraft:wolf_wild"]}},"minecraft:entity_born":{"add":{"component_groups":["minecraft:wolf_baby","minecraft:wolf_tame"]},"remove":{}},"minecraft:entity_spawned":{"randomize":[{"add":{"component_groups":["minecraft:wolf_adult","minecraft:wolf_wild"]},"remove":{},"weight":9},{"add":{"component_groups":["minecraft:wolf_baby","minecraft:wolf_wild"]},"remove":{},"weight":1}]},"minecraft:on_calm":{"add":{"component_groups":["minecraft:wolf_wild"]},"remove":{"component_groups":["minecraft:wolf_angry"]}},"minecraft:on_tame":{"add":{"component_groups":["minecraft:wolf_tame"]},"remove":{"component_groups":["minecraft:wolf_wild"]}}}}}