{"tiers":[{"trades":[{"gives":[{"item":"id:emeraldblok","quantity":20}],"wants":[{"item":"minecraft:axolotl_bucket","quantity":1}]},{"gives":[{"item":"minecraft:cake","quantity":7}],"wants":[{"item":"minecraft:raw_gold","quantity":5}]},{"gives":[{"item":"minecraft:emerald","quantity":5}],"wants":[{"item":"minecraft:diamond","quantity":3}]},{"gives":[{"item":"id:kohaku_bucket","quantity":1}],"wants":[{"item":"minecraft:emerald","quantity":1}]},{"gives":[{"item":"id:benigoi_bucket","quantity":1}],"wants":[{"item":"minecraft:emerald","quantity":1}]},{"gives":[{"item":"id:chagoi_bucket","quantity":1}],"wants":[{"item":"minecraft:emerald","quantity":1}]},{"gives":[{"item":"id:hermitcrab_red_bucket","quantity":1}],"wants":[{"item":"minecraft:emerald","quantity":2}]},{"gives":[{"item":"id:hermitcrab_purple_bucket","quantity":1}],"wants":[{"item":"minecraft:emerald","quantity":2}]},{"gives":[{"item":"id:arowana_bucket","quantity":1}],"wants":[{"item":"minecraft:emerald","quantity":4}]},{"gives":[{"item":"id:special_bag","quantity":1}],"wants":[{"item":"minecraft:emerald","quantity":50},{"item":"minecraft:netherite_ingot","quantity":30},{"item":"minecraft:diamond","quantity":50},{"item":"minecraft:elytra","quantity":1}]},{"gives":[{"item":"id:drygrass","quantity":1}],"wants":[{"item":"minecraft:stick","quantity":5}]},{"gives":[{"item":"id:smallcactus","quantity":1}],"wants":[{"item":"minecraft:stone","quantity":2}]}]}]}