{"format_version":"1.16.100","minecraft:item":{"components":{"minecraft:block_placer":{"block":"id:toucan_block"},"minecraft:creative_category":{"parent":"itemGroup.name.miscFood"},"minecraft:display_name":{"value":"Special Bag"},"minecraft:entity_placer":{"entity":"id:loli"},"minecraft:icon":{"texture":"bagfull"},"minecraft:liquid_clipped":false,"minecraft:max_stack_size":1,"minecraft:render_offsets":"boots","minecraft:stacked_by_data":true},"description":{"category":"Nature","identifier":"id:special_bag"}}}