{
  "format_version": "1.12",
  "minecraft:recipe_shaped": {
    "description": {
      "identifier": "reptile_armor_14cade44"
    },
    "tags": [
      "crafting_table"
    ],
    "pattern": [
      "AAA",
      "ABA",
      "AAA"
    ],
    "key": {
      "A": {
        "item": "id:reptile_skin",
        "data": 0
      },
      "B": {
        "item": "minecraft:leather_chestplate",
        "data": 0
      }
    },
    "result": {
      "item": "id:reptile_armor",
      "count": 1
    }
  }
}